Workbook

Sheet 汇总
A1: 外周神经 scRNA 数据集 · 按物种 × 组织系统大类 重新分类
A2: 来源：合并文献检索_四层整合版.xlsx（Tier-1 Catalog 真源）｜去重键=代表Dataset_ID｜共 88 个独立数据集｜生成日期 2026-06-14 说明：左侧 3 列「物种(中文)/组织系统大类/主组织」为便捷分析【派生列·非真源】；组织系统大类按 Tissue 关键词归纳，命中 ≥4 个不同系统判为「多器官图谱/全身」；原始 21 列完整保留。
A6: 组织系统大类 | B6: 人 Human | C6: 鼠 Mouse | D6: 人鼠 Human;Mouse | E6: 数据集合计 | F6: 细胞数合计
A7: 周围神经节/神经干 | B7: =COUNTIFS(全部!$A$2:$A$89,"人 Human",全部!$B$2:$B$89,$A7) -> 3 | C7: =COUNTIFS(全部!$A$2:$A$89,"鼠 Mouse",全部!$B$2:$B$89,$A7) -> 3 | D7: =COUNTIFS(全部!$A$2:$A$89,"人鼠 Human;Mouse",全部!$B$2:$B$89,$A7) -> 0 | E7: =SUM(B7:D7) -> 6 | F7: =SUMIFS(全部!$R$2:$R$89,全部!$B$2:$B$89,$A7) -> 1180356
A8: 肠神经/消化道 | B8: =COUNTIFS(全部!$A$2:$A$89,"人 Human",全部!$B$2:$B$89,$A8) -> 22 | C8: =COUNTIFS(全部!$A$2:$A$89,"鼠 Mouse",全部!$B$2:$B$89,$A8) -> 4 | D8: =COUNTIFS(全部!$A$2:$A$89,"人鼠 Human;Mouse",全部!$B$2:$B$89,$A8) -> 1 | E8: =SUM(B8:D8) -> 27 | F8: =SUMIFS(全部!$R$2:$R$89,全部!$B$2:$B$89,$A8) -> 9404410
A9: 皮肤 | B9: =COUNTIFS(全部!$A$2:$A$89,"人 Human",全部!$B$2:$B$89,$A9) -> 4 | C9: =COUNTIFS(全部!$A$2:$A$89,"鼠 Mouse",全部!$B$2:$B$89,$A9) -> 1 | D9: =COUNTIFS(全部!$A$2:$A$89,"人鼠 Human;Mouse",全部!$B$2:$B$89,$A9) -> 0 | E9: =SUM(B9:D9) -> 5 | F9: =SUMIFS(全部!$R$2:$R$89,全部!$B$2:$B$89,$A9) -> 710597
A10: 心血管 | B10: =COUNTIFS(全部!$A$2:$A$89,"人 Human",全部!$B$2:$B$89,$A10) -> 8 | C10: =COUNTIFS(全部!$A$2:$A$89,"鼠 Mouse",全部!$B$2:$B$89,$A10) -> 1 | D10: =COUNTIFS(全部!$A$2:$A$89,"人鼠 Human;Mouse",全部!$B$2:$B$89,$A10) -> 0 | E10: =SUM(B10:D10) -> 9 | F10: =SUMIFS(全部!$R$2:$R$89,全部!$B$2:$B$89,$A10) -> 1868493
A11: 呼吸系统 | B11: =COUNTIFS(全部!$A$2:$A$89,"人 Human",全部!$B$2:$B$89,$A11) -> 17 | C11: =COUNTIFS(全部!$A$2:$A$89,"鼠 Mouse",全部!$B$2:$B$89,$A11) -> 0 | D11: =COUNTIFS(全部!$A$2:$A$89,"人鼠 Human;Mouse",全部!$B$2:$B$89,$A11) -> 0 | E11: =SUM(B11:D11) -> 17 | F11: =SUMIFS(全部!$R$2:$R$89,全部!$B$2:$B$89,$A11) -> 4444196
A12: 泌尿系统 | B12: =COUNTIFS(全部!$A$2:$A$89,"人 Human",全部!$B$2:$B$89,$A12) -> 3 | C12: =COUNTIFS(全部!$A$2:$A$89,"鼠 Mouse",全部!$B$2:$B$89,$A12) -> 1 | D12: =COUNTIFS(全部!$A$2:$A$89,"人鼠 Human;Mouse",全部!$B$2:$B$89,$A12) -> 0 | E12: =SUM(B12:D12) -> 4 | F12: =SUMIFS(全部!$R$2:$R$89,全部!$B$2:$B$89,$A12) -> 430619
A13: 生殖/乳腺 | B13: =COUNTIFS(全部!$A$2:$A$89,"人 Human",全部!$B$2:$B$89,$A13) -> 3 | C13: =COUNTIFS(全部!$A$2:$A$89,"鼠 Mouse",全部!$B$2:$B$89,$A13) -> 1 | D13: =COUNTIFS(全部!$A$2:$A$89,"人鼠 Human;Mouse",全部!$B$2:$B$89,$A13) -> 0 | E13: =SUM(B13:D13) -> 4 | F13: =SUMIFS(全部!$R$2:$R$89,全部!$B$2:$B$89,$A13) -> 323767
A14: 内分泌/胰岛 | B14: =COUNTIFS(全部!$A$2:$A$89,"人 Human",全部!$B$2:$B$89,$A14) -> 2 | C14: =COUNTIFS(全部!$A$2:$A$89,"鼠 Mouse",全部!$B$2:$B$89,$A14) -> 1 | D14: =COUNTIFS(全部!$A$2:$A$89,"人鼠 Human;Mouse",全部!$B$2:$B$89,$A14) -> 0 | E14: =SUM(B14:D14) -> 3 | F14: =SUMIFS(全部!$R$2:$R$89,全部!$B$2:$B$89,$A14) -> 550218
A15: 肌肉骨骼 | B15: =COUNTIFS(全部!$A$2:$A$89,"人 Human",全部!$B$2:$B$89,$A15) -> 1 | C15: =COUNTIFS(全部!$A$2:$A$89,"鼠 Mouse",全部!$B$2:$B$89,$A15) -> 1 | D15: =COUNTIFS(全部!$A$2:$A$89,"人鼠 Human;Mouse",全部!$B$2:$B$89,$A15) -> 0 | E15: =SUM(B15:D15) -> 2 | F15: =SUMIFS(全部!$R$2:$R$89,全部!$B$2:$B$89,$A15) -> 285849
A16: 口腔牙齿 | B16: =COUNTIFS(全部!$A$2:$A$89,"人 Human",全部!$B$2:$B$89,$A16) -> 1 | C16: =COUNTIFS(全部!$A$2:$A$89,"鼠 Mouse",全部!$B$2:$B$89,$A16) -> 0 | D16: =COUNTIFS(全部!$A$2:$A$89,"人鼠 Human;Mouse",全部!$B$2:$B$89,$A16) -> 0 | E16: =SUM(B16:D16) -> 1 | F16: =SUMIFS(全部!$R$2:$R$89,全部!$B$2:$B$89,$A16) -> 6560
A17: 肝胆 | B17: =COUNTIFS(全部!$A$2:$A$89,"人 Human",全部!$B$2:$B$89,$A17) -> 2 | C17: =COUNTIFS(全部!$A$2:$A$89,"鼠 Mouse",全部!$B$2:$B$89,$A17) -> 0 | D17: =COUNTIFS(全部!$A$2:$A$89,"人鼠 Human;Mouse",全部!$B$2:$B$89,$A17) -> 0 | E17: =SUM(B17:D17) -> 2 | F17: =SUMIFS(全部!$R$2:$R$89,全部!$B$2:$B$89,$A17) -> 79368
A18: 淋巴/免疫/血液 | B18: =COUNTIFS(全部!$A$2:$A$89,"人 Human",全部!$B$2:$B$89,$A18) -> 2 | C18: =COUNTIFS(全部!$A$2:$A$89,"鼠 Mouse",全部!$B$2:$B$89,$A18) -> 0 | D18: =COUNTIFS(全部!$A$2:$A$89,"人鼠 Human;Mouse",全部!$B$2:$B$89,$A18) -> 0 | E18: =SUM(B18:D18) -> 2 | F18: =SUMIFS(全部!$R$2:$R$89,全部!$B$2:$B$89,$A18) -> 475847
... A20: 多器官图谱/全身 | B20: =COUNTIFS(全部!$A$2:$A$89,"人 Human",全部!$B$2:$B$89,$A20) -> 3 | C20: =COUNTIFS(全部!$A$2:$A$89,"鼠 Mouse",全部!$B$2:$B$89,$A20) -> 2 | D20: =COUNTIFS(全部!$A$2:$A$89,"人鼠 Human;Mouse",全部!$B$2:$B$89,$A20) -> 0 | E20: =SUM(B20:D20) -> 5 | F20: =SUMIFS(全部!$R$2:$R$89,全部!$B$2:$B$89,$A20) -> 2363522
A21: 总计 | B21: =SUM(B7:B20) -> 71 | C21: =SUM(C7:C20) -> 16 | D21: =SUM(D7:D20) -> 1 | E21: =SUM(E7:E20) -> 88 | F21: =SUM(F7:F20) -> 33565209

Sheet 全部
A1: 物种(中文) | B1: 组织系统大类 | C1: 主组织 | D1: Species | E1: 细胞分层 | F1: 分层依据(具体细胞) | G1: 泛化提示 | H1: collection_id | I1: 代表Dataset_ID | J1: Publication_Title | K1: 中文标题 | L1: Year | M1: PMID/DOI | N1: Tissue | O1: Disease | P1: Technology | Q1: 悬浮susp | R1: Cell_Number | S1: 外周相关细胞(规范) | T1: Marker_Genes | U1: Application_Tags | V1: h5ad下载 | W1: collection链接 | X1: 折叠ds数 | Y1: 分工 | Z1: 分工
A2: 人 Human | B2: 周围神经节/神经干 | C2: choroid plexus | D2: Homo sapiens | E2: 待定(泛神经) | F2: — | G2: 含泛glial(疑中枢胶质,慎收) | H2: 59c9ecfe-c47d-4a6a-bab0-895cc0c1942b | I2: CELLxGENE:595c9010-99ec-462d-b6a1-2b2fe5407871 | J2: Dysregulation of brain and choroid plexus cell types in severe COVID-19 | K2: 严重COVID-19中脑和脉络丛细胞类型的失调 | L2: 2024 | M2: 10.1038/s41586-021-03710-0 | N2: choroid plexus | O2: COVID-19|aspiration pneumonia|influenza|malignant pancreatic neoplasm | P2: 10x 3' v3 | Q2: nucleus | R2: 27092 | S2: glial cell | U2: 神经-免疫通讯;炎症 | V2: https://datasets.cellxgene.cziscience.com/6dd04cc1-f4b6-49c4-b34c-56508ea8af8c.h5ad | W2: https://cellxgene.cziscience.com/collections/59c9ecfe-c47d-4a6a-bab0-895cc0c1942b | X2: 1 | Y2: ? | Z2: B
A3: 人 Human | B3: 周围神经节/神经干 | C3: cranial nerve II | D3: Homo sapiens | E3: L2 | F3: L2:Myelinating Schwann cell/Non-myelinating Schwann cell | H3: 05e3d0fc-c9dd-4f14-9163-2b242b3bb5c2 | I3: CELLxGENE:3c364ffe-d599-44d5-a77f-6c5fd7038cf6 | J3: Single cell atlas of the human optic nerve | K3: 人视神经单细胞图谱 | L3: 2025 | M3: not reported in repository metadata | N3: cranial nerve II|optic disc | O3: normal | P3: 10x 3' v3 | Q3: nucleus | R3: 959629 | S3: microglial cell|myelinating Schwann cell|non-myelinating Schwann cell | U3: 针灸作用相关;外周神经再生 | V3: https://datasets.cellxgene.cziscience.com/b27057d6-a6a0-40e8-a4ba-5373a03746d2.h5ad | W3: https://cellxgene.cziscience.com/collections/05e3d0fc-c9dd-4f14-9163-2b242b3bb5c2 | X3: 1 | Y3: ? | Z3: B
A4: 人 Human | B4: 周围神经节/神经干 | C4: dorsal root ganglion | D4: Homo sapiens | E4: L1 | F4: L1:Sensory neuron (DRG) | H4: 741abcf7-af4b-425d-88db-7e0b0d845719 | I4: CELLxGENE:d973ea15-3722-4bc8-a0e8-1d956d26e203 | J4: Single-nucleus transcriptomic analysis of human dorsal root ganglion neurons. | K4: 人背根神经节神经元的单核转录组分析 | L4: 2025 | M4: 10.7554/eLife.71752 | N4: dorsal root ganglion | O4: normal | P4: 10x 3' v2|10x 3' v3 | Q4: nucleus | R4: 1837 | S4: sensory neuron of dorsal root ganglion | U4: 针灸作用相关 | V4: https://datasets.cellxgene.cziscience.com/cf1271ef-08be-46dd-b39e-90c3aa72755e.h5ad | W4: https://cellxgene.cziscience.com/collections/741abcf7-af4b-425d-88db-7e0b0d845719 | X4: 1 | Y4: ? | Z4: B
A5: 人 Human | B5: 肠神经/消化道 | C5: ascending colon | D5: Homo sapiens | E5: L1;L2;L4 | F5: L1:Afferent neuron/Enteric neuron/Inhibitory motor neuron/Interneuron (ENS)/Motor neuron | L2:Enteroglial cell | L4:Enteroendocrine cell/Type EC enteroendocrine cell/Type G enteroendocrine cell/Type X enteroendocrine cell | H5: f11cb29c-b546-4738-9bd8-66ea621a7bd5 | I5: CELLxGENE:19053a82-9c89-4fb8-bd19-d7b1800b0b7b | J5: Single-cell integration reveals metaplasia in inflammatory gut diseases | K5: 单细胞整合揭示炎症性肠道疾病中的化生 | L5: 2025 | M5: 10.1038/s41586-024-07571-1 | N5: ascending colon|body of stomach|buccal mucosa|caecum|caecum epithelium|cecum mucosa|colon|colonic epithelium|colonic mucosa|descending colon|duodenal epithelium|duodenum|epithelium of esophagus|epithelium of rectum|epithelium of small intestine|epithelium of stomach|esophagus|gingiva|ileal epithelium|ileum|ileum lamina propria|intestine|jejunum|labial gland|lamina propria of mucosa of colon|lamina propria of small intestine|mesenteric lymph node|mucosa of sigmoid colon|mucosa of transverse colon|parotid gland|periodontium|pyloric antrum|pylorus|rectosigmoid junction|rectum|sigmoid colon|small intestine|stomach|transverse colon|vermiform appendix | O5: Crohn disease|celiac disease|colorectal cancer|gastric cancer|inflammatory bowel disease|normal|ulcerative colitis | P5: 10x 3' v1|10x 3' v2|10x 3' v3|10x 5' transcription profiling|10x 5' v1|10x 5' v2 | Q5: cell | R5: 1596200 | S5: afferent neuron|enteric neuron|enteroendocrine cell|enteroglial cell|inhibitory motor neuron|interneuron|motor neuron|type EC enteroendocrine cell|type G enteroendocrine cell|type X enteroendocrine cell | U5: 神经-免疫通讯;炎症;伤口修复 | V5: https://datasets.cellxgene.cziscience.com/757945c8-a916-431d-aceb-1afbc80a7c55.h5ad | W5: https://cellxgene.cziscience.com/collections/f11cb29c-b546-4738-9bd8-66ea621a7bd5 | X5: 11 | Y5: ? | Z5: A
A6: 人 Human | B6: 肠神经/消化道 | C6: ascending colon | D6: Homo sapiens | E6: L1;L4 | F6: L1:Inhibitory motor neuron/Interneuron (ENS)/Motor neuron | L4:Enteroendocrine cell/Type D enteroendocrine cell/Type EC enteroendocrine cell/Type L enteroendocrine cell | G6: 含泛glial(疑肠胶质,可能L2) | H6: e33ffcd3-7cbf-4b8c-b0f4-85587ad5019a | I6: CELLxGENE:80a2c5b6-02e7-4fc0-9f12-179f5247c1bc | J6: Cells of the human intestinal tract mapped across space and time | K6: 人类肠道细胞在空间和时间上的图谱 | L6: 2022 | M6: 10.1038/s41586-021-03852-1 | N6: ascending colon|caecum|colon|descending colon|duodenum|ileum|jejunum|large intestine|lymph node|mesenteric lymph node|rectum|sigmoid colon|small intestine|transverse colon|vermiform appendix | O6: Crohn disease|normal | P6: 10x 3' v2|10x 5' v2 | Q6: cell | R6: 428469 | S6: enteroendocrine cell|glial cell|inhibitory motor neuron|interneuron|motor neuron|primary sensory neuron (sensu Teleostei)|type D enteroendocrine cell|type EC enteroendocrine cell|type I enteroendocrine cell|type L enteroendocrine cell|type N enteroendocrine cell | U6: 针灸作用相关;神经-免疫通讯;炎症 | V6: https://datasets.cellxgene.cziscience.com/47ae9727-f767-46b8-9d56-a25ddcd9ae94.h5ad | W6: https://cellxgene.cziscience.com/collections/e33ffcd3-7cbf-4b8c-b0f4-85587ad5019a | X6: 1 | Y6: ? | Z6: A
A7: 人 Human | B7: 肠神经/消化道 | C7: ascending colon | D7: Homo sapiens | E7: L2;L4 | F7: L2:Schwann cell | L4:Enteroendocrine cell of colon | H7: 3a844375-60ea-474b-adf1-98e76928baee | I7: CELLxGENE:05a8c945-bc12-414f-960d-a31943bbcdd1 | J7: Single-cell integration and multi-modal profiling reveals phenotypes and spatial organization of neutrophils in colorectal cancer | K7: 单细胞整合与多模态分析揭示结直肠癌中中性粒细胞的表型及空间组织 | L7: 2026 | M7: 10.1016/j.ccell.2025.12.003 | N7: ascending colon|blood|caecum|caecum epithelium|colon|colonic epithelium|colorectal mucosa|colorectum|descending colon|hepatic cecum|hepatic flexure of colon|left colon|liver|lymph node|mesenteric lymph node|mucosa of transverse colon|rectosigmoid junction|rectum|right colon|sigmoid colon|splenic flexure of colon|transverse colon | O7: colon adenocarcinoma|colon adenocarcinoma || mucinous adenocarcinoma|colon adenoma|colon adenoma || colorectal tubulovillous adenoma|colon adenoma || tubular adenoma|colon carcinoma|colon sessile serrated adenoma/polyp|colorectal adenocarcinoma|colorectal cancer|colorectal neoplasm|colorectal tubulovillous adenoma|hyperplastic polyp|metastasis from malignant tumor of colon|mucinous adenocarcinoma|normal|polyp of colon|rectum adenocarcinoma|tubular adenoma | P7: 10x 3' v1|10x 3' v2|10x 3' v3|10x 5' transcription profiling|10x 5' v1|10x 5' v2|BD Rhapsody Whole Transcriptome Analysis|Fluidigm C1-based SMARTer library preparation|GEXSCOPE technology|Smart-seq2|TruDrop | Q7: cell | R7: 3790266 | S7: Schwann cell|enteroendocrine cell of colon | U7: 神经-免疫通讯;外周神经再生 | V7: https://datasets.cellxgene.cziscience.com/4a8b9568-965e-46b8-a427-baab6bf018e5.h5ad | W7: https://cellxgene.cziscience.com/collections/3a844375-60ea-474b-adf1-98e76928baee | X7: 1 | Y7: ? | Z7: A
A8: 人 Human | B8: 肠神经/消化道 | C8: ascending colon | D8: Homo sapiens | E8: L4 | F8: L4:Enteroendocrine cell of colon/Enteroendocrine cell of small intestine | H8: 64b24fda-6591-4ce1-89e7-33eb6c43ad7b | I8: CELLxGENE:019c7af2-c827-4454-9970-44d5e39ce068 | J8: A proximal-to-distal survey of healthy adult human small intestine and colon epithelium by single-cell transcriptomics | K8: 通过单细胞转录组学对健康成人小肠和结肠上皮进行近端到远端的调查 | L8: 2023 | M8: 10.1016/j.jcmgh.2022.02.007 | N8: ascending colon|descending colon|duodenum|ileum|jejunum|transverse colon | O8: normal | P8: 10x 3' v3 | Q8: cell | R8: 12590 | S8: enteroendocrine cell of colon|enteroendocrine cell of small intestine | U8: general peripheral neurobiology | V8: https://datasets.cellxgene.cziscience.com/487be01d-3df6-417f-83c5-ad2bff5c46e7.h5ad | W8: https://cellxgene.cziscience.com/collections/64b24fda-6591-4ce1-89e7-33eb6c43ad7b | X8: 1 | Y8: ? | Z8: A
A9: 人 Human | B9: 肠神经/消化道 | C9: ascending colon | D9: Homo sapiens | E9: L4 | F9: L4:Enteroendocrine cell | G9: 含泛glial(疑肠胶质,可能L2) | H9: 854c0855-23ad-4362-8b77-6b1639e7a9fc | I9: CELLxGENE:cbec7853-d996-4493-bbf8-5d82857a4e51 | J9: Automatic cell-type harmonization and integration across Human Cell Atlas datasets | K9: 人类细胞图谱数据集间细胞类型的自动协调与整合 | L9: 2024 | M9: 10.1016/j.cell.2023.11.026 | N9: ascending colon|caecum|caecum epithelium|caecum lamina propria|colonic epithelium|descending colon|duodenum|ileum|jejunum|lamina propria of mucosa of colon|large intestine|rectum|sigmoid colon|small intestine|transverse colon|transverse colon epithelium|transverse colon lamina propria|vermiform appendix | O9: normal | P9: 10x 3' v1|10x 3' v2|10x 3' v3|10x 5' v2 | Q9: cell | R9: 263275 | S9: enteroendocrine cell|glial cell | U9: general peripheral neurobiology | V9: https://datasets.cellxgene.cziscience.com/0add1772-6d6e-43e1-8702-93fdf84e4dbc.h5ad | W9: https://cellxgene.cziscience.com/collections/854c0855-23ad-4362-8b77-6b1639e7a9fc | X9: 2 | Y9: ? | Z9: A
A10: 人 Human | B10: 肠神经/消化道 | C10: ascending colon | D10: Homo sapiens | E10: L4 | F10: L4:Intestinal enteroendocrine cell | H10: a48f5033-3438-4550-8574-cdff3263fdfd | I10: CELLxGENE:e40c6272-af77-4a10-9385-62a398884f27 | J10: HTAN VUMC - Differential pre-malignant programs and microenvironment chart distinct paths to malignancy in human colorectal polyps | K10: HTAN VUMC - 差异性的癌前程序与微环境描绘了人类结直肠息肉中通向恶性肿瘤的不同路径 | L10: 2022 | M10: 10.1016/j.cell.2021.11.031 | N10: ascending colon|descending colon|hepatic cecum|hepatic flexure of colon|rectum|sigmoid colon|transverse colon | O10: colon sessile serrated adenoma/polyp|colorectal neoplasm|hyperplastic polyp|normal|tubular adenoma|tubulovillous adenoma | P10: TruDrop | Q10: cell | R10: 65088 | S10: intestinal enteroendocrine cell | U10: general peripheral neurobiology | V10: https://datasets.cellxgene.cziscience.com/9da034b0-de48-47ab-97f6-21b5f2dbd1a4.h5ad | W10: https://cellxgene.cziscience.com/collections/a48f5033-3438-4550-8574-cdff3263fdfd | X10: 2 | Y10: ? | Z10: A
A11: 人 Human | B11: 肠神经/消化道 | C11: blood | D11: Homo sapiens | E11: L4 | F11: L4:Enterochromaffin-like cell/Intestinal enteroendocrine cell | G11: 含泛glial(疑肠胶质,可能L2) | H11: 7f7fdf50-aa0e-4a6f-979c-53655cac9d5d | I11: CELLxGENE:0e5c75da-7bc9-4a2c-83fc-ef1e378bd5f9 | J11: IBDverse: Cell type-resolved genetic variation shapes inflammatory bowel disease risk | K11: IBDverse：细胞类型解析的遗传变异塑造炎症性肠病风险 | L11: 2026 | M11: 10.1038/s41586-026-10627-z | N11: blood|ileum|rectum | O11: Crohn disease|normal | P11: 10x 3' v3 | Q11: cell | R11: 1852681 | S11: enterochromaffin-like cell|glial cell|intestinal enteroendocrine cell | U11: 神经-免疫通讯;炎症 | V11: https://datasets.cellxgene.cziscience.com/e3460364-c300-4616-9923-3a0224894998.h5ad | W11: https://cellxgene.cziscience.com/collections/7f7fdf50-aa0e-4a6f-979c-53655cac9d5d | X11: 1 | Y11: ? | Z11: A
A12: 人 Human | B12: 肠神经/消化道 | C12: body of stomach | D12: Homo sapiens | E12: L1;L4 | F12: L1:Peripheral nervous system neuron | L4:Enteroendocrine cell | G12: 含泛glial(疑肠胶质,可能L2) | H12: dfc09a93-bce0-4c77-893d-e153d1b7f9fa | I12: CELLxGENE:9968be68-ab65-4a38-9e1a-c9b6abece194 | J12: Charting human development using a multi-endodermal organ atlas and organoid models | K12: 利用多内胚层器官图谱与类器官模型描绘人类发育过程 | L12: 2023 | M12: 10.1016/j.cell.2021.04.028 | N12: body of stomach|colon|duodenum|epithelium of trachea|esophagus|ileum|jejunum|liver|lung|pyloric antrum|small intestine|stomach | O12: normal | P12: 10x 3' v2|10x 3' v3 | Q12: cell | R12: 155232 | S12: enteroendocrine cell|glial cell|peripheral nervous system neuron | U12: general peripheral neurobiology | V12: https://datasets.cellxgene.cziscience.com/00b80c9b-8dbd-45c1-8347-51fbe8bd150e.h5ad | W12: https://cellxgene.cziscience.com/collections/dfc09a93-bce0-4c77-893d-e153d1b7f9fa | X12: 2 | Y12: ? | Z12: A
A13: 人 Human | B13: 肠神经/消化道 | C13: body of stomach | D13: Homo sapiens | E13: L4 | F13: L4:Enteroendocrine cell/Type G enteroendocrine cell | H13: a18474f4-ff1e-4864-af69-270b956cee5b | I13: CELLxGENE:7bb64315-9e5a-41b9-9235-59acf9642a3e | J13: Single-cell RNA sequencing unifies developmental programs of Esophageal and Gastric Intestinal Metaplasia | K13: 单细胞RNA测序统一食管与胃肠化生的发育程序 | L13: 2023 | M13: 10.1158/2159-8290.cd-22-0824 | N13: body of stomach|cardia of stomach|colon|duodenum|esophagogastric junction|ileum|lower esophagus|rectum|submucosal esophageal gland | O13: Barrett esophagus|gastric cancer|gastric intestinal metaplasia|gastritis|normal | P13: 10x 3' v2|10x 3' v3|10x 5' v1 | Q13: cell | R13: 293823 | S13: P/D1 enteroendocrine cell|enteroendocrine cell|type G enteroendocrine cell | U13: 神经-免疫通讯 | V13: https://datasets.cellxgene.cziscience.com/3b5ba887-80df-43db-8486-3fc03027a15e.h5ad | W13: https://cellxgene.cziscience.com/collections/a18474f4-ff1e-4864-af69-270b956cee5b | X13: 3 | Y13: ? | Z13: A
A14: 人 Human | B14: 肠神经/消化道 | C14: caecum | D14: Homo sapiens | E14: L4 | F14: L4:Enteroendocrine cell of colon | H14: 1cbfb478-2c7f-4d15-b522-9f74e9fe52a8 | I14: CELLxGENE:829a3cd1-a466-49f1-b2e9-d3f6b7f392e2 | J14: Progressive plasticity during colorectal cancer metastasis | K14: 结直肠癌转移过程中的渐进式可塑性 | L14: 2025 | M14: 10.1038/s41586-024-08560-0 | N14: caecum|chest wall|descending colon|hepatic flexure of colon|liver|lung|peritoneum|rectum|sigmoid colon|transverse colon | O14: colorectal cancer|normal | P14: 10x 3' v3 | Q14: cell | R14: 47107 | S14: enteroendocrine cell of colon | U14: 神经-免疫通讯 | V14: https://datasets.cellxgene.cziscience.com/81bd8922-b69a-45ea-9b2a-032c480c0e37.h5ad | W14: https://cellxgene.cziscience.com/collections/1cbfb478-2c7f-4d15-b522-9f74e9fe52a8 | X14: 3 | Y14: ? | Z14: A
A15: 人 Human | B15: 肠神经/消化道 | C15: caecum epithelium | D15: Homo sapiens | E15: L4 | F15: L4:Enteroendocrine cell | H15: 33d19f34-87f5-455b-8ca5-9023a2e5453d | I15: CELLxGENE:4dd00779-7f73-4f50-89bb-e2d3c6b71b18 | J15: Intra- and Inter-cellular Rewiring of the Human Colon during Ulcerative Colitis | K15: 溃疡性结肠炎期间人结肠的细胞内与细胞间重连 | L15: 2023 | M15: 10.1016/j.cell.2019.06.029 | N15: caecum epithelium|colonic epithelium|transverse colon epithelium | O15: normal | P15: 10x 3' v1|10x 3' v2 | Q15: cell | R15: 34772 | S15: enteroendocrine cell | U15: 神经-免疫通讯;炎症;伤口修复 | V15: https://datasets.cellxgene.cziscience.com/774d77e7-210d-4237-8ca8-8d2bb841a2e4.h5ad | W15: https://cellxgene.cziscience.com/collections/33d19f34-87f5-455b-8ca5-9023a2e5453d | X15: 1 | Y15: ? | Z15: A
A16: 人 Human | B16: 肠神经/消化道 | C16: colon | D16: Homo sapiens | E16: L1;L4 | F16: L1:Enteric neuron | L4:Enteroendocrine cell | H16: 17481d16-ee44-49e5-bcf0-28c0780d8c4a | I16: CELLxGENE:b46237d1-19c6-4af2-9335-9854634bad16 | J16: Single-Cell Sequencing of Developing Human Gut Reveals Transcriptional Links to Childhood Crohn’s Disease | K16: 发育中人类肠道的单细胞测序揭示与儿童克罗恩病的转录关联 | L16: 2022 | M16: 10.1016/j.devcel.2020.11.010 | N16: colon|duodeno-jejunal junction|ileum | O16: normal | P16: 10x 3' v2 | Q16: cell | R16: 62849 | S16: enteric neuron|enteroendocrine cell | U16: 神经-免疫通讯;炎症 | V16: https://datasets.cellxgene.cziscience.com/5cf26393-87e2-4946-8a97-2d42625856a3.h5ad | W16: https://cellxgene.cziscience.com/collections/17481d16-ee44-49e5-bcf0-28c0780d8c4a | X16: 2 | Y16: ? | Z16: A
A17: 人 Human | B17: 肠神经/消化道 | C17: colon | D17: Homo sapiens | E17: L1;L4 | F17: L1:Inhibitory motor neuron/Interneuron (ENS)/Motor neuron | L4:Neuroendocrine cell | G17: 含泛glial(疑肠胶质,可能L2) | H17: 60358420-6055-411d-ba4f-e8ac80682a2e | I17: CELLxGENE:bbd16004-09e8-4b6c-b465-73ff83a52837 | J17: Spatiotemporal analysis of human intestinal development at single-cell resolution | K17: 单细胞分辨率下人类肠道发育的时空分析 | L17: 2021 | M17: 10.1016/j.cell.2020.12.016 | N17: colon|hindgut|ileum | O17: normal | P17: 10x 3' v3 | Q17: cell | R17: 4144 | S17: glial cell|inhibitory motor neuron|interneuron|motor neuron|neuroendocrine cell | U17: general peripheral neurobiology | V17: https://datasets.cellxgene.cziscience.com/a40d9047-5990-4aa1-aac8-2ff55649dab5.h5ad | W17: https://cellxgene.cziscience.com/collections/60358420-6055-411d-ba4f-e8ac80682a2e | X17: 2 | Y17: ? | Z17: A
A18: 人 Human | B18: 肠神经/消化道 | C18: colorectum | D18: Homo sapiens | E18: L2;L4 | F18: L2:Schwann cell | L4:Enteroendocrine cell | H18: 4d82bd8e-8827-410b-8fc7-685b7dd92585 | I18: CELLxGENE:16023185-de21-4c0d-a9c8-73abdd52d142 | J18: Spatially organized multicellular immune hubs in human colorectal cancer | K18: 人类结直肠癌中空间组织的多细胞免疫枢纽 | L18: 2025 | M18: 10.1016/j.cell.2021.08.003 | N18: colorectum | O18: colon adenocarcinoma|normal | P18: 10x 3' v2|10x 3' v3 | Q18: cell | R18: 370115 | S18: Schwann cell|enteroendocrine cell | U18: 神经-免疫通讯;外周神经再生 | V18: https://datasets.cellxgene.cziscience.com/3d1f3641-5755-47e2-b797-10317d33fe32.h5ad | W18: https://cellxgene.cziscience.com/collections/4d82bd8e-8827-410b-8fc7-685b7dd92585 | X18: 3 | Y18: ? | Z18: A
A19: 人 Human | B19: 肠神经/消化道 | C19: duodenum | D19: Homo sapiens | E19: L2;L4 | F19: L2:Enteroglial cell | L4:Enteroendocrine cell of small intestine | H19: e5f58829-1a66-40b5-a624-9046778e74f5 | I19: CELLxGENE:a357414d-2042-4eb5-95f0-c58604a18bdd | J19: Tabula Sapiens | K19: Tabula Sapiens | L19: 2021 | M19: 10.1126/science.abl4896 | N19: duodenum|ileum|jejunum|small intestine | O19: normal | P19: 10x 3' v3|Smart-seq2 | Q19: cell | R19: 42036 | S19: enteroendocrine cell of small intestine|enteroglial cell | U19: general peripheral neurobiology | V19: https://datasets.cellxgene.cziscience.com/6db4dfe6-d421-4287-a9dc-22eaa59be966.h5ad | W19: https://cellxgene.cziscience.com/collections/e5f58829-1a66-40b5-a624-9046778e74f5 | X19: 5 | Y19: ? | Z19: A
A20: 人 Human | B20: 肠神经/消化道 | C20: epithelium of small intestine | D20: Homo sapiens | E20: L4 | F20: L4:Type EC enteroendocrine cell/Type L enteroendocrine cell | H20: 5c868b6f-62c5-4532-9d7f-a346ad4b50a7 | I20: CELLxGENE:fe4b89d5-461e-440c-a5a8-621b37b122c0 | J20: The landscape of immune dysregulation in Crohn’s disease revealed through single-cell transcriptomic profiling in the ileum and colon | K20: 单细胞转录组谱分析揭示克罗恩病回肠与结肠免疫失调的全景 | L20: 2023 | M20: 10.1016/j.immuni.2023.01.002 | N20: epithelium of small intestine|ileal epithelium|ileum|ileum lamina propria|lamina propria of small intestine|small intestine | O20: Crohn disease|normal | P20: 10x 3' v2|10x 3' v3 | Q20: cell | R20: 154136 | S20: type EC enteroendocrine cell|type L enteroendocrine cell | U20: 神经-免疫通讯;炎症 | V20: https://datasets.cellxgene.cziscience.com/6a6b7339-106f-420b-95ae-c8d2d91f9945.h5ad | W20: https://cellxgene.cziscience.com/collections/5c868b6f-62c5-4532-9d7f-a346ad4b50a7 | X20: 4 | Y20: ? | Z20: A
A21: 人 Human | B21: 肠神经/消化道 | C21: ileum | D21: Homo sapiens | E21: L4 | F21: L4:Enteroendocrine cell of colon | H21: ff668d5d-5b3f-49ee-a007-ff0664bf35ec | I21: CELLxGENE:248cf7bf-508b-4c28-a2fd-cabe2ab956aa | J21: Single-cell transcriptome analysis reveals differential nutrient absorption functions in human intestine | K21: 单细胞转录组分析揭示人肠道中差异性的营养吸收功能 | L21: 2022 | M21: 10.1084/jem.20191130 | N21: ileum | O21: normal | P21: 10x 3' v2 | Q21: cell | R21: 5980 | S21: enteroendocrine cell of colon | U21: general peripheral neurobiology | V21: https://datasets.cellxgene.cziscience.com/685f053a-2204-489a-b166-1d0190406be6.h5ad | W21: https://cellxgene.cziscience.com/collections/ff668d5d-5b3f-49ee-a007-ff0664bf35ec | X21: 3 | Y21: ? | Z21: A
A22: 人 Human | B22: 肠神经/消化道 | C22: ileum | D22: Homo sapiens | E22: L4 | F22: L4:Enteroendocrine cell of small intestine | G22: 含泛glial(疑肠胶质,可能L2) | H22: 2b02dff7-e427-4cdc-96fb-c0f354c099aa | I22: CELLxGENE:36c867a7-be10-4e69-9b39-5de12b0af6da | J22: Single-Cell Analysis of Crohn’s Disease Lesions Identifies a Pathogenic Cellular Module Associated with Resistance to Anti-TNF Therapy | K22: 克罗恩病病灶的单细胞分析识别出与抗TNF治疗耐药相关的致病性细胞模块 | L22: 2022 | M22: 10.1016/j.cell.2019.08.008 | N22: ileum | O22: normal | P22: 10x 3' v1|10x 3' v2 | Q22: cell | R22: 32458 | S22: enteroendocrine cell of small intestine|glial cell | U22: 神经-免疫通讯;炎症 | V22: https://datasets.cellxgene.cziscience.com/aa44120b-7b9f-4584-a8a2-0f3aceafc87c.h5ad | W22: https://cellxgene.cziscience.com/collections/2b02dff7-e427-4cdc-96fb-c0f354c099aa | X22: 1 | Y22: ? | Z22: A
A23: 人 Human | B23: 肠神经/消化道 | C23: intestinal mucosa | D23: Homo sapiens | E23: L4 | F23: L4:Enteroendocrine cell | G23: 含泛neuron(肠,待裁定) | H23: f30e0bf7-7b03-44b0-b312-cda799ef0240 | I23: CELLxGENE:51d9716c-50bb-4fd8-8d1e-7d9329969cb7 | J23: iPSC-derived small intestine-on-chip with self-organizing epithelial, mesenchymal and neural cells | K23: iPSC衍生的小肠芯片模型：具有自组织上皮、间充质及神经细胞 | L23: 2024 | M23: 10.1016/j.celrep.2024.114247 | N23: intestinal mucosa | O23: normal | P23: 10x 3' v3 | Q23: cell | R23: 11177 | S23: enteroendocrine cell|neuron | U23: general peripheral neurobiology | V23: https://datasets.cellxgene.cziscience.com/c4bfcccf-6009-4590-a06d-c1443372c6c7.h5ad | W23: https://cellxgene.cziscience.com/collections/f30e0bf7-7b03-44b0-b312-cda799ef0240 | X23: 2 | Y23: ? | Z23: A
A24: 人 Human | B24: 肠神经/消化道 | C24: lamina propria of small intestine | D24: Homo sapiens | E24: L4 | F24: L4:Enteroendocrine cell | G24: 含泛glial(疑肠胶质,可能L2) | H24: a064d795-3b77-44ae-9fb5-beb57c567443 | I24: CELLxGENE:6ceeaa86-9ceb-4582-b390-6d4dd6ff0572 | J24: Pediatric FGID lamina propria of ileum biopsies. | K24: 儿童FGID回肠固有层活检 | L24: 2023 | M24: 10.1101/2021.09.17.21263540 | N24: lamina propria of small intestine | O24: digestive system disorder | P24: 10x 3' v2 | Q24: cell | R24: 89849 | S24: enteroendocrine cell|glial cell | U24: general peripheral neurobiology | V24: https://datasets.cellxgene.cziscience.com/8cf9e6a2-5cd6-4d8e-95bd-b8c54d05e3f1.h5ad | W24: https://cellxgene.cziscience.com/collections/a064d795-3b77-44ae-9fb5-beb57c567443 | X24: 1 | Y24: ? | Z24: A
A25: 人 Human | B25: 肠神经/消化道 | C25: right colon | D25: Homo sapiens | E25: L1 | F25: L1:Neuronal receptor cell | H25: 3b8b7fec-ed65-4483-9579-9f98f5a93a74 | I25: CELLxGENE:5d4415d1-cfcd-4b43-b2b2-138b5afd68af | J25: Epithelium-enriched single cell transcriptomes from the ascending colon of pediatric and adult control subjects | K25: 儿童和成人对照升结肠上皮富集的单细胞转录组 | L25: 2026 | M25: 10.1016/j.jcmgh.2025.101665 | N25: right colon | O25: normal | P25: 10x 3' v3 | Q25: cell | R25: 35957 | S25: neuronal receptor cell | U25: general peripheral neurobiology | V25: https://datasets.cellxgene.cziscience.com/45566c3d-0484-4b2b-858b-8aea1783f21f.h5ad | W25: https://cellxgene.cziscience.com/collections/3b8b7fec-ed65-4483-9579-9f98f5a93a74 | X25: 2 | Y25: ? | Z25: A
A26: 人 Human | B26: 肠神经/消化道 | C26: small intestine | D26: Homo sapiens | E26: L4 | F26: L4:Enteroendocrine cell | G26: 含泛neuron(肠,待裁定) | H26: 7651ac1a-f947-463a-9223-a9e408a41989 | I26: CELLxGENE:3f32121d-126b-4e8d-9f69-d86502d2a1b1 | J26: Insulin is expressed by enteroendocrine cells during human fetal development | K26: 人胎儿发育期间肠内分泌细胞表达胰岛素 | L26: 2023 | M26: 10.1038/s41591-021-01586-1 | N26: small intestine | O26: normal | P26: 10x 3' v2|10x 3' v3 | Q26: cell | R26: 36359 | S26: enteroendocrine cell|neuron | U26: general peripheral neurobiology | V26: https://datasets.cellxgene.cziscience.com/fe96972c-7199-4146-9e03-af518d8916cc.h5ad | W26: https://cellxgene.cziscience.com/collections/7651ac1a-f947-463a-9223-a9e408a41989 | X26: 1 | Y26: ? | Z26: A
A27: 人 Human | B27: 皮肤 | C27: arm skin | D27: Homo sapiens | E27: L2 | F27: L2:Schwann cell | H27: 34f12de7-c5e5-4813-a136-832677f98ac8 | I27: CELLxGENE:e7c5ba7e-4be0-4696-af50-a07d0dc7aac5 | J27: Multi-scale spatial mapping of cell populations across anatomical sites in healthy human skin and basal cell carcinoma | K27: 健康人皮肤和基底细胞癌中跨解剖部位细胞群体的多尺度空间图谱 | L27: 2024 | M27: 10.1073/pnas.2313326120 | N27: arm skin|nose skin|skin of abdomen|skin of cheek|skin of external ear|skin of forehead|skin of temple | O27: basal cell carcinoma|normal | P27: 10x 3' v1|10x 3' v2|10x 3' v3 | Q27: cell | R27: 152189 | S27: Schwann cell | U27: 外周神经再生 | V27: https://datasets.cellxgene.cziscience.com/82515193-f68f-49f1-923e-d10a2b798b42.h5ad | W27: https://cellxgene.cziscience.com/collections/34f12de7-c5e5-4813-a136-832677f98ac8 | X27: 1 | Y27: A | Z27: A
A28: 人 Human | B28: 皮肤 | C28: dermis | D28: Homo sapiens | E28: L2 | F28: L2:Schwann cell | H28: 73f82ac8-15cc-4fcd-87f8-5683723fce7f | I28: CELLxGENE:f0f0d7c4-3bec-428e-9539-c99d36548d96 | J28: Developmental cell programs are co-opted in inflammatory skin disease | K28: 炎症性皮肤病中发育细胞程序被共选利用 | L28: 2024 | M28: 10.1126/science.aba6500 | N28: dermis|skin epidermis | O28: normal | P28: 10x 3' v2 | Q28: cell | R28: 195739 | S28: Schwann cell | U28: 神经-免疫通讯;外周神经再生;炎症 | V28: https://datasets.cellxgene.cziscience.com/f8b5c4f4-7ece-4314-9f49-fc254bbd5c71.h5ad | W28: https://cellxgene.cziscience.com/collections/73f82ac8-15cc-4fcd-87f8-5683723fce7f | X28: 1 | Y28: A | Z28: A
A29: 人 Human | B29: 皮肤 | C29: skin of body | D29: Homo sapiens | E29: L2 | F29: L2:Schwann cell | H29: 5e143645-177c-45b6-952d-48770e29a54b | I29: CELLxGENE:b0ef440b-e303-4ad2-ada8-ce13336280ba | J29: Multi-modal skin atlas identifies a multicellular immune-stromal community associated with altered cornification and specific T cell expansion in atopic dermatitis | K29: 多模态皮肤图谱识别出与特应性皮炎中角质化改变及特定T细胞扩增相关的多细胞免疫-基质群落 | L29: 2026 | M29: 10.1038/s41467-026-69587-7 | N29: skin of body | O29: atopic eczema|normal | P29: 10x 3' v2|10x 3' v3 | Q29: cell | R29: 280518 | S29: Schwann cell | U29: 神经-免疫通讯;外周神经再生 | V29: https://datasets.cellxgene.cziscience.com/e046218f-6a66-46f9-a91c-7f26b4ee00c2.h5ad | W29: https://cellxgene.cziscience.com/collections/5e143645-177c-45b6-952d-48770e29a54b | X29: 1 | Y29: A | Z29: A
A30: 人 Human | B30: 皮肤 | C30: subcutaneous abdominal adipose tissue | D30: Homo sapiens | E30: L2 | F30: L2:Schwann cell | H30: 6b701826-37bb-4356-9792-ff41fc4c3161 | I30: CELLxGENE:9d8e5dca-03a3-457d-b7fb-844c75735c83 | J30: Single-Nucleus Analysis of Human White Adipose Tissue Reveals Adipocyte Subsets with Distinct Metabolic Profiles | K30: 人白色脂肪组织单细胞核分析揭示具有不同代谢特征的脂肪细胞亚群 | L30: 2023 | M30: 10.1101/2025.09.14.673351 | N30: subcutaneous abdominal adipose tissue|visceral abdominal adipose tissue | O30: normal | P30: 10x 3' v3 | Q30: nucleus | R30: 72335 | S30: Schwann cell|neuron associated cell | U30: 外周神经再生 | V30: https://datasets.cellxgene.cziscience.com/3d0f967f-ad82-4470-a46d-6d156ad13e42.h5ad | W30: https://cellxgene.cziscience.com/collections/6b701826-37bb-4356-9792-ff41fc4c3161 | X30: 1 | Y30: A | Z30: A
A31: 人 Human | B31: 心血管 | C31: apex of heart | D31: Homo sapiens | E31: L1 | F31: L1:Cardiac neuron | H31: 20eea6c8-9d64-42c9-9b6f-c11b5249e0e9 | I31: CELLxGENE:2e9d2f32-4cfb-49b5-b990-cbf4c241214e | J31: Single-cell genomics improves the discovery of risk variants and genes of atrial fibrillation | K31: 单细胞基因组学改进心房颤动风险变异和基因的发现 | L31: 2024 | M31: 10.1038/s41467-023-40505-5 | N31: apex of heart|heart left ventricle|heart right ventricle|interventricular septum | O31: normal | P31: 10x 3' v3 | Q31: nucleus | R31: 49359 | S31: cardiac neuron | U31: general peripheral neurobiology | V31: https://datasets.cellxgene.cziscience.com/f35a8c3f-b3a0-4373-a4cd-c937db7f7ec2.h5ad | W31: https://cellxgene.cziscience.com/collections/20eea6c8-9d64-42c9-9b6f-c11b5249e0e9 | X31: 1 | Y31: A | Z31: A
A32: 人 Human | B32: 心血管 | C32: apex of heart | D32: Homo sapiens | E32: L1 | F32: L1:Cardiac neuron | H32: e75342a8-0f3b-4ec5-8ee1-245a23e0f7cb | I32: CELLxGENE:65badd7a-9262-4fd1-9ce2-eb5dc0ca8039 | J32: Pathogenic variants damage cell composition and single cell transcription in cardiomyopathies | K32: 致病性变异损害心肌病中的细胞组成与单细胞转录 | L32: 2022 | M32: 10.1126/science.abo1984 | N32: apex of heart|heart left ventricle|heart right ventricle|interventricular septum | O32: arrhythmogenic right ventricular cardiomyopathy|dilated cardiomyopathy|non-compaction cardiomyopathy|normal | P32: 10x 3' v2|10x 3' v3 | Q32: nucleus | R32: 881081 | S32: cardiac neuron | U32: general peripheral neurobiology | V32: https://datasets.cellxgene.cziscience.com/6d0b8b8a-2b22-4578-b8ee-8ca4ab893594.h5ad | W32: https://cellxgene.cziscience.com/collections/e75342a8-0f3b-4ec5-8ee1-245a23e0f7cb | X32: 2 | Y32: A | Z32: A
A33: 人 Human | B33: 心血管 | C33: apex of heart | D33: Homo sapiens | E33: L1 | F33: L1:Cardiac neuron | H33: 328d71f0-0ed7-4518-966f-be6bd0797324 | I33: CELLxGENE:fe7aae33-6f7c-41a5-8d29-9996a9ddf1ab | J33: The cellular and molecular cardiac tissue responses in human inflammatory cardiomyopathies after SARS-CoV-2 infection and COVID-19 vaccination | K33: SARS-CoV-2感染和COVID-19疫苗接种后人炎症性心肌病的心脏细胞与分子组织反应 | L33: 2025 | M33: 10.1038/s44161-025-00612-6 | N33: apex of heart|heart left ventricle | O33: myocarditis|normal | P33: 10x 3' v2|10x 3' v3 | Q33: nucleus | R33: 205596 | S33: cardiac neuron | U33: 神经-免疫通讯;炎症 | V33: https://datasets.cellxgene.cziscience.com/5ca4319d-488f-444d-b383-e909fe0783d4.h5ad | W33: https://cellxgene.cziscience.com/collections/328d71f0-0ed7-4518-966f-be6bd0797324 | X33: 1 | Y33: A | Z33: A
A34: 人 Human | B34: 心血管 | C34: apex of heart | D34: Homo sapiens | E34: 待定(泛神经) | F34: — | G34: 含泛neuron(器官图谱→疑中枢/噪声,待裁定) | H34: 43b45a20-a969-49ac-a8e8-8c84b211bd01 | I34: CELLxGENE:5500c673-1610-40a0-86d9-64d987ae50e6 | J34: Integrated adult and foetal heart single-cell RNA sequencing | K34: 整合成人与胎儿心脏单细胞RNA测序 | L34: 2023 | M34: 10.1038/s44161-022-00183-w | N34: apex of heart|basal zone of heart|heart left ventricle|heart right ventricle|interventricular septum|left cardiac atrium|right cardiac atrium | O34: normal | P34: 10x 3' v2|10x 3' v3 | Q34: cell|nucleus | R34: 60668 | S34: neuron | U34: general peripheral neurobiology | V34: https://datasets.cellxgene.cziscience.com/85f6cdae-10c2-4c97-8a95-cf03f87ecd2e.h5ad | W34: https://cellxgene.cziscience.com/collections/43b45a20-a969-49ac-a8e8-8c84b211bd01 | X34: 1 | Y34: A | Z34: A
A35: 人 Human | B35: 心血管 | C35: apical region of left ventricle | D35: Homo sapiens | E35: 待定(泛神经) | F35: — | G35: 含泛neuron(器官图谱→疑中枢/噪声,待裁定) | H35: 68e7e5b7-4dc9-4609-832e-7656aa6182ba | I35: CELLxGENE:99e317c0-1fab-4f73-b511-859e752fd1c3 | J35: Sex-Specific Control of Human Heart Maturation by the Progesterone Receptor | K35: 孕激素受体对人类心脏成熟的性别特异性调控 | L35: 2024 | M35: 10.1161/CIRCULATIONAHA.120.051921 | N35: apical region of left ventricle | O35: normal | P35: 10x 3' v3 | Q35: nucleus | R35: 51176 | S35: neuron | U35: general peripheral neurobiology | V35: https://datasets.cellxgene.cziscience.com/59c9aa5c-ee73-4252-b149-5cb011f924b1.h5ad | W35: https://cellxgene.cziscience.com/collections/68e7e5b7-4dc9-4609-832e-7656aa6182ba | X35: 1 | Y35: A | Z35: A
A36: 人 Human | B36: 心血管 | C36: heart | D36: Homo sapiens | E36: 待定(泛神经) | F36: — | G36: 含泛neuron(器官图谱→疑中枢/噪声,待裁定) | H36: 9c9ce98a-6b02-4262-9407-1ebb2de31f63 | I36: CELLxGENE:9928ad5f-6afd-4fb0-89b0-6690e2a2ce25 | J36: Integrated multi-omic characterization of congenital heart disease | K36: 先天性心脏病的整合多组学特征分析 | L36: 2026 | M36: 10.1038/s41586-022-04989-3 | N36: heart | O36: congenital heart disease|dilated cardiomyopathy|hypertrophic cardiomyopathy|hypoplastic left heart syndrome|tetralogy of fallot | P36: 10x 3' v3 | Q36: nucleus | R36: 157293 | S36: neuron | U36: general peripheral neurobiology | V36: https://datasets.cellxgene.cziscience.com/beb6ae0c-c47b-4a8d-9f8d-39a43f5853bd.h5ad | W36: https://cellxgene.cziscience.com/collections/9c9ce98a-6b02-4262-9407-1ebb2de31f63 | X36: 1 | Y36: A | Z36: A
A37: 人 Human | B37: 心血管 | C37: heart left ventricle | D37: Homo sapiens | E37: L1 | F37: L1:Neuronal receptor cell | H37: 8191c283-0816-424b-9b61-c3e1d6258a77 | I37: CELLxGENE:1c739a3e-c3f5-49d5-98e0-73975e751201 | J37: Spatial multi-omic map of human myocardial infarction | K37: 人类心肌梗死的空间多组学图谱 | L37: 2022 | M37: 10.1038/s41586-022-05060-x | N37: heart left ventricle | O37: myocardial infarction|normal | P37: 10x 3' v3 | Q37: nucleus | R37: 191795 | S37: neuronal receptor cell | U37: 针灸作用相关 | V37: https://datasets.cellxgene.cziscience.com/4780eb7d-4c7c-4630-8705-471f0de8e27a.h5ad | W37: https://cellxgene.cziscience.com/collections/8191c283-0816-424b-9b61-c3e1d6258a77 | X37: 3 | Y37: A | Z37: A
A38: 人 Human | B38: 心血管 | C38: right atrium auricular region | D38: Homo sapiens | E38: L2 | F38: L2:Schwann cell | G38: 含泛neuron(器官图谱→疑中枢/噪声,待裁定) | H38: 8c782494-01ed-491b-97b9-6f0d3b76c676 | I38: CELLxGENE:8f4f8502-9170-4ac2-9707-3b6985ebfe5f | J38: Transcriptomic and spatial dissection of human ex vivo right atrial tissue reveals proinflammatory microvascular changes in ischemic heart disease | K38: 人类离体右心房组织的转录组与空间解析揭示缺血性心脏病中的促炎性微血管变化 | L38: 2024 | M38: 10.1016/j.xcrm.2024.101556 | N38: right atrium auricular region | O38: heart failure|heart valve disorder|myocardial ischemia|normal | P38: 10x 3' v3 | Q38: nucleus | R38: 221756 | S38: Schwann cell|neuron | U38: 针灸作用相关;神经-免疫通讯;外周神经再生;炎症 | V38: https://datasets.cellxgene.cziscience.com/86094298-00c2-4d09-b11d-342c5aa1f951.h5ad | W38: https://cellxgene.cziscience.com/collections/8c782494-01ed-491b-97b9-6f0d3b76c676 | X38: 2 | Y38: A | Z38: A
A39: 人 Human | B39: 呼吸系统 | C39: blood | D39: Homo sapiens | E39: L4 | F39: L4:Pulmonary neuroendocrine cell | H39: 5d445965-6f1a-4b68-ba3a-b8f765155d3a | I39: CELLxGENE:8c42cfd0-0b0a-46d5-910c-fc833d83c45e | J39: A molecular cell atlas of the human lung from single cell RNA sequencing | K39: 单细胞RNA测序揭示的人类肺分子细胞图谱 | L39: 2020 | M39: 10.1038/s41586-020-2922-4 | N39: blood|lung | O39: normal | P39: 10x 3' v2 | Q39: cell | R39: 65662 | S39: pulmonary neuroendocrine cell | U39: general peripheral neurobiology | V39: https://datasets.cellxgene.cziscience.com/f5568ea3-c249-4e4e-91f8-46abc30a5612.h5ad | W39: https://cellxgene.cziscience.com/collections/5d445965-6f1a-4b68-ba3a-b8f765155d3a | X39: 2 | Y39: B | Z39: B
A40: 人 Human | B40: 呼吸系统 | C40: bronchus | D40: Homo sapiens | E40: L2;L4 | F40: L2:Myelinating Schwann cell/Non-myelinating Schwann cell | L4:Neuroendocrine cell | H40: c1241244-b22d-483d-875b-75699efb9f3c | I40: CELLxGENE:093d3bfe-6f0f-4ac0-a7a1-829f94d0a49f | J40: A spatially resolved atlas of the human lung characterizes a gland-associated immune niche | K40: 人类肺部的空间分辨图谱刻画了一个腺体相关的免疫微环境 | L40: 2024 | M40: 10.1038/s41588-022-01243-4 | N40: bronchus|lower lobe of left lung|lung|trachea|upper lobe of left lung | O40: normal | P40: 10x 3' v2|10x 3' v3|10x 5' transcription profiling | Q40: cell|nucleus | R40: 193108 | S40: myelinating Schwann cell|neuroendocrine cell|non-myelinating Schwann cell | U40: 神经-免疫通讯;外周神经再生 | V40: https://datasets.cellxgene.cziscience.com/dea9f35e-1be6-4240-919d-7eb2f471cbe9.h5ad | W40: https://cellxgene.cziscience.com/collections/c1241244-b22d-483d-875b-75699efb9f3c | X40: 3 | Y40: B | Z40: B
A41: 人 Human | B41: 呼吸系统 | C41: bronchus | D41: Homo sapiens | E41: L2;L4 | F41: L2:Schwann cell | L4:Pulmonary neuroendocrine cell | H41: 4f30b962-d49b-4624-a233-64f048cf8632 | I41: CELLxGENE:b61a921b-7fa3-4b42-b455-aaaf32447920 | J41: A Unique Cellular Organization of Human Distal Airways and Its Disarray in Chronic Obstructive Pulmonary Disease | K41: 人类远端气道的独特细胞组织及其在慢性阻塞性肺疾病中的紊乱 | L41: 2025 | M41: 10.1164/rccm.202207-1384OC | N41: bronchus|segmental bronchus|terminal bronchus | O41: chronic obstructive pulmonary disease|normal | P41: 10x 3' v2|10x 3' v3 | Q41: cell | R41: 115788 | S41: Schwann cell|pulmonary neuroendocrine cell | U41: 外周神经再生 | V41: https://datasets.cellxgene.cziscience.com/a8e4f394-d141-4755-9a35-790c734d1dab.h5ad | W41: https://cellxgene.cziscience.com/collections/4f30b962-d49b-4624-a233-64f048cf8632 | X41: 1 | Y41: B | Z41: B
A42: 人 Human | B42: 呼吸系统 | C42: bronchus | D42: Homo sapiens | E42: L4 | F42: L4:Neuroendocrine cell | H42: 03f821b4-87be-4ff4-b65a-b5fc00061da7 | I42: CELLxGENE:edc8d3fe-153c-4e3d-8be0-2108d30f8d70 | J42: Local and systemic responses to SARS-CoV-2 infection in children and adults | K42: 儿童和成人对SARS-CoV-2感染的局部及全身反应 | L42: 2022 | M42: 10.1038/s41586-021-04345-x | N42: bronchus|nasal cavity|trachea | O42: COVID-19|normal | P42: 10x 5' v1|10x 5' v2 | Q42: cell | R42: 236977 | S42: neuroendocrine cell | U42: 神经-免疫通讯;炎症 | V42: https://datasets.cellxgene.cziscience.com/f9efb73e-f116-46b5-a775-d4233e758024.h5ad | W42: https://cellxgene.cziscience.com/collections/03f821b4-87be-4ff4-b65a-b5fc00061da7 | X42: 1 | Y42: B | Z42: B
A43: 人 Human | B43: 呼吸系统 | C43: carina of trachea | D43: Homo sapiens | E43: L4 | F43: L4:Pulmonary neuroendocrine cell | H43: 54004c5c-af08-4693-a606-73871b6ef989 | I43: CELLxGENE:1ab4ebbc-18d6-4838-89c2-cdc5b10accfb | J43: Cystic Fibrosis and healthy control biopsy | K43: 囊性纤维化与健康对照活检 | L43: 2025 | M43: 10.1016/j.jcf.2025.01.016 | N43: carina of trachea|respiratory tube | O43: cystic fibrosis|normal | P43: 10x 3' v2|10x 3' v3 | Q43: cell | R43: 96479 | S43: pulmonary neuroendocrine cell | U43: 纤维化 | V43: https://datasets.cellxgene.cziscience.com/08530c67-a192-4d76-bfe5-b7834e8da231.h5ad | W43: https://cellxgene.cziscience.com/collections/54004c5c-af08-4693-a606-73871b6ef989 | X43: 1 | Y43: B | Z43: B
A44: 人 Human | B44: 呼吸系统 | C44: lung | D44: Homo sapiens | E44: L2;L4 | F44: L2:Schwann cell/Schwann cell precursor/Immature Schwann cell | L4:Pulmonary neuroendocrine cell | G44: 含泛neuron(器官图谱→疑中枢/噪声,待裁定) | H44: 2d2e2acd-dade-489f-a2da-6c11aa654028 | I44: CELLxGENE:3dc61ca1-ce40-46b6-8337-f27260fd9a03 | J44: A human fetal lung cell atlas uncovers proximal-distal gradients of differentiation and key regulators of epithelial fates | K44: 人类胎儿肺细胞图谱揭示分化的近端-远端梯度及上皮命运的关键调控因子 | L44: 2022 | M44: 10.1016/j.cell.2022.11.005 | N44: lung | O44: normal | P44: 10x 5' v1 | Q44: cell | R44: 71752 | S44: Schwann cell|Schwann cell precursor|immature Schwann cell|neuron|pulmonary neuroendocrine cell | U44: 外周神经再生 | V44: https://datasets.cellxgene.cziscience.com/c961f0d3-15cd-481a-b167-d356ccf6659a.h5ad | W44: https://cellxgene.cziscience.com/collections/2d2e2acd-dade-489f-a2da-6c11aa654028 | X44: 4 | Y44: B | Z44: B
A45: 人 Human | B45: 呼吸系统 | C45: lung | D45: Homo sapiens | E45: L4 | F45: L4:Neuroendocrine cell | H45: e276e3e2-197a-4524-abd1-a753a48dc33a | I45: CELLxGENE:10c0c666-bd99-4a5c-b697-f1be835f5427 | J45: Human Lung Allografts Experience Persistent Fibrogenic Shift Following Acute Cellular Rejection | K45: 人肺同种异体移植物在急性细胞排斥后经历持续性纤维化转变 | L45: 2026 | M45: 10.1016/j.healun.2026.02.1666 | N45: lung | O45: acute graft versus host disease|normal | P45: 10x 3' v3|10x 5' v1|10x 5' v2 | Q45: cell | R45: 56676 | S45: neuroendocrine cell | U45: general peripheral neurobiology | V45: https://datasets.cellxgene.cziscience.com/af6e81be-e65c-4821-987e-e0eb6c8acd59.h5ad | W45: https://cellxgene.cziscience.com/collections/e276e3e2-197a-4524-abd1-a753a48dc33a | X45: 1 | Y45: B | Z45: B
A46: 人 Human | B46: 呼吸系统 | C46: lung | D46: Homo sapiens | E46: L4 | F46: L4:Pulmonary neuroendocrine cell | H46: 625f6bf4-2f33-4942-962e-35243d284837 | I46: CELLxGENE:3de0ad6d-4378-4f62-b37b-ec0b75a50d94 | J46: LungMAP — Human data from a broad age healthy donor group | K46: LungMAP — 来自广泛年龄健康捐赠者群体的人类数据 | L46: 2021 | M46: 10.7554/eLife.62522 | N46: lung | O46: normal | P46: 10x 3' v3 | Q46: nucleus | R46: 46500 | S46: pulmonary neuroendocrine cell | U46: general peripheral neurobiology | V46: https://datasets.cellxgene.cziscience.com/92167705-4b81-4c4b-a0b5-abe08910415e.h5ad | W46: https://cellxgene.cziscience.com/collections/625f6bf4-2f33-4942-962e-35243d284837 | X46: 1 | Y46: B | Z46: B
A47: 人 Human | B47: 呼吸系统 | C47: lung | D47: Homo sapiens | E47: L4 | F47: L4:Pulmonary neuroendocrine cell | H47: 92db8a7e-8761-4317-873f-15606c016ce5 | I47: CELLxGENE:781cc817-3fd0-487c-a55a-b47b2786a05d | J47: A novel human fetal lung-derived alveolar organoid model reveals mechanisms of surfactant protein C maturation relevant to interstitial lung disease | K47: 一种新型人胎肺来源肺泡类器官模型揭示与间质性肺病相关的表面活性蛋白C成熟机制 | L47: 2025 | M47: 10.1038/s44318-024-00328-6 | N47: lung | O47: normal | P47: 10x 5' v1 | Q47: cell | R47: 9619 | S47: pulmonary neuroendocrine cell | U47: general peripheral neurobiology | V47: https://datasets.cellxgene.cziscience.com/89a17e6a-bbb0-4a9a-b2b4-3bafd89277a8.h5ad | W47: https://cellxgene.cziscience.com/collections/92db8a7e-8761-4317-873f-15606c016ce5 | X47: 1 | Y47: B | Z47: B
A48: 人 Human | B48: 呼吸系统 | C48: lung | D48: Homo sapiens | E48: L4 | F48: L4:Pulmonary neuroendocrine cell | H48: ec329aed-22bc-4d6e-8935-8282dcb1acac | I48: CELLxGENE:8dc858b0-b076-4326-94bb-7c2d1cd721a3 | J48: Early human lung immune cell development and its role in epithelial cell fate | K48: 早期人类肺免疫细胞发育及其在上皮细胞命运中的作用 | L48: 2024 | M48: 10.1126/sciimmunol.adf9988 | N48: lung | O48: normal | P48: 10x 5' transcription profiling | Q48: cell | R48: 8556 | S48: pulmonary neuroendocrine cell | U48: 神经-免疫通讯 | V48: https://datasets.cellxgene.cziscience.com/2ebaaba9-0401-46a8-a242-f44f333ddb0d.h5ad | W48: https://cellxgene.cziscience.com/collections/ec329aed-22bc-4d6e-8935-8282dcb1acac | X48: 1 | Y48: B | Z48: B
A49: 人 Human | B49: 呼吸系统 | C49: lung | D49: Homo sapiens | E49: L4 | F49: L4:Pulmonary neuroendocrine cell | H49: 6f6d381a-7701-4781-935c-db10d30de293 | I49: CELLxGENE:9f222629-9e39-47d0-b83f-e08d610c7479 | J49: The integrated Human Lung Cell Atlas | K49: 整合性人类肺细胞图谱 | L49: 2022 | M49: 10.1038/s41591-023-02327-2 | N49: lung|lung parenchyma|nose|respiratory airway | O49: COVID-19|chronic obstructive pulmonary disease|chronic rhinitis|cystic fibrosis|hypersensitivity pneumonitis|interstitial lung disease|lung adenocarcinoma|lung large cell carcinoma|lymphangioleiomyomatosis|non-specific interstitial pneumonia|normal|pleomorphic carcinoma|pneumonia|pulmonary fibrosis|pulmonary sarcoidosis|squamous cell lung carcinoma | P49: 10x 3' v1|10x 3' v2|10x 3' v3|10x 5' transcription profiling|10x 5' v1|10x 5' v2|Drop-seq|Seq-Well | Q49: cell|nucleus | R49: 2282447 | S49: pulmonary neuroendocrine cell | U49: 神经-免疫通讯;炎症;纤维化 | V49: https://datasets.cellxgene.cziscience.com/5f863718-02a6-46cb-83e7-52be988b915b.h5ad | W49: https://cellxgene.cziscience.com/collections/6f6d381a-7701-4781-935c-db10d30de293 | X49: 2 | Y49: B | Z49: B
A50: 人 Human | B50: 呼吸系统 | C50: lung | D50: Homo sapiens | E50: L4 | F50: L4:Pulmonary neuroendocrine cell | H50: f86d6317-7215-409e-bfda-3f4ded3dadaa | I50: CELLxGENE:eb499fd8-7000-419f-8854-926b9b61b11f | J50: Human CellCards Multi-Study CellRef 1.0 Atlas | K50: Human CellCards 多研究 CellRef 1.0 图谱 | L50: 2024 | M50: 10.1038/s41467-023-40173-5 | N50: lung | O50: normal | P50: 10x 3' v2|10x 3' v3|10x 5' v1 | Q50: cell | R50: 347970 | S50: pulmonary neuroendocrine cell | U50: general peripheral neurobiology | V50: https://datasets.cellxgene.cziscience.com/d6184057-2178-4946-b9b1-dc56543a77aa.h5ad | W50: https://cellxgene.cziscience.com/collections/f86d6317-7215-409e-bfda-3f4ded3dadaa | X50: 1 | Y50: B | Z50: B
A51: 人 Human | B51: 呼吸系统 | C51: lung | D51: Homo sapiens | E51: L4 | F51: L4:Pulmonary neuroendocrine cell | H51: 07e12576-b41b-4350-adfc-059bfc4328ea | I51: CELLxGENE:f14bc322-1322-4184-8d16-409557525ea5 | J51: Single-cell RNA-seq analysis of Interstitial Lung Disease (ILD) subtypes | K51: 间质性肺病(ILD)亚型的单细胞RNA-seq分析 | L51: 2025 | M51: 10.1038/s41588-024-01702-0 | N51: lung | O51: anthracosis|hypersensitivity pneumonitis|interstitial lung disease|lymphoid interstitial pneumonia|non-specific interstitial pneumonia|normal|pulmonary sarcoidosis | P51: 10x 5' v1|10x 5' v2 | Q51: cell | R51: 471905 | S51: pulmonary neuroendocrine cell | U51: general peripheral neurobiology | V51: https://datasets.cellxgene.cziscience.com/c3d9262e-0dc5-4eca-bf20-56e6d96d0306.h5ad | W51: https://cellxgene.cziscience.com/collections/07e12576-b41b-4350-adfc-059bfc4328ea | X51: 1 | Y51: B | Z51: B
A52: 人 Human | B52: 呼吸系统 | C52: lung | D52: Homo sapiens | E52: 待定(泛神经) | F52: — | G52: 含泛neuron(器官图谱→疑中枢/噪声,待裁定) | H52: e4c9ed14-e560-4900-a3bf-b0f8d2ce6a10 | I52: CELLxGENE:d8da613f-e681-4c69-b463-e94f5e66847f | J52: A molecular single-cell lung atlas of lethal COVID-19 | K52: 致死性COVID-19的分子单细胞肺图谱 | L52: 2023 | M52: 10.1038/s41586-021-03569-1 | N52: lung | O52: COVID-19|normal | P52: 10x 3' v3 | Q52: nucleus | R52: 116313 | S52: neuron | U52: 神经-免疫通讯;炎症 | V52: https://datasets.cellxgene.cziscience.com/1792df55-7cfe-4564-afcf-4bb3ffb73bc0.h5ad | W52: https://cellxgene.cziscience.com/collections/e4c9ed14-e560-4900-a3bf-b0f8d2ce6a10 | X52: 1 | Y52: B | Z52: B
A53: 人 Human | B53: 呼吸系统 | C53: lung epithelium | D53: Homo sapiens | E53: L4 | F53: L4:Pulmonary neuroendocrine cell | H53: 2d42fb2f-e635-466e-a2f4-9ea34f2e0feb | I53: CELLxGENE:43a1506b-aa9e-46a3-b288-d210f4595ddf | J53: Organoid modeling of human fetal lung alveolar development reveals mechanisms of cell fate patterning and neonatal respiratory disease | K53: 人胎肺肺泡发育的类器官模型揭示细胞命运模式化及新生儿呼吸疾病的机制 | L53: 2025 | M53: 10.1016/j.stem.2022.11.013 | N53: lung epithelium | O53: normal | P53: 10x 5' v1 | Q53: cell | R53: 20475 | S53: neuroendocrine cell of epithelium of lobar bronchus|pulmonary neuroendocrine cell | U53: general peripheral neurobiology | V53: https://datasets.cellxgene.cziscience.com/8dfa9273-352e-4b67-aea0-67a108f39a0f.h5ad | W53: https://cellxgene.cziscience.com/collections/2d42fb2f-e635-466e-a2f4-9ea34f2e0feb | X53: 1 | Y53: B | Z53: B
A54: 人 Human | B54: 呼吸系统 | C54: middle lobe of right lung | D54: Homo sapiens | E54: L4 | F54: L4:Pulmonary neuroendocrine cell | H54: 3a5dbf8a-9b3e-4309-b4c5-d8a024f83734 | I54: CELLxGENE:d68a8b48-abf0-4bd5-8834-155d34ec448a | J54: Bronchopulmonary Dysplasia | K54: 支气管肺发育不良 | L54: 2025 | M54: not reported in repository metadata | N54: middle lobe of right lung | O54: bronchopulmonary dysplasia|normal | P54: 10x 3' v3 | Q54: nucleus | R54: 271381 | S54: pulmonary neuroendocrine cell | U54: general peripheral neurobiology | V54: https://datasets.cellxgene.cziscience.com/83bbeaaf-f5e0-42ac-be8a-dbc4e0c0d433.h5ad | W54: https://cellxgene.cziscience.com/collections/3a5dbf8a-9b3e-4309-b4c5-d8a024f83734 | X54: 1 | Y54: B | Z54: B
A55: 人 Human | B55: 呼吸系统 | C55: nasopharynx | D55: Homo sapiens | E55: L4 | F55: L4:Enteroendocrine cell | H55: 35d0b748-3eed-43a5-a1c4-1dade5ec5ca0 | I55: CELLxGENE:13b61a7d-5605-4948-ba48-02c588960143 | J55: Impaired local intrinsic immunity to SARS-CoV-2 infection in severe COVID-19 | K55: 重症COVID-19中SARS-CoV-2感染时局部固有免疫受损 | L55: 2022 | M55: 10.1016/j.cell.2021.07.023 | N55: nasopharynx | O55: COVID-19|long COVID-19|normal|respiratory failure | P55: Seq-Well S3 | Q55: cell | R55: 32588 | S55: enteroendocrine cell | U55: 神经-免疫通讯;炎症 | V55: https://datasets.cellxgene.cziscience.com/6a6db93e-901f-4054-90e0-14af5207978a.h5ad | W55: https://cellxgene.cziscience.com/collections/35d0b748-3eed-43a5-a1c4-1dade5ec5ca0 | X55: 1 | Y55: B | Z55: B
A56: 人 Human | B56: 泌尿系统 | C56: dome of urinary bladder | D56: Homo sapiens | E56: L2 | F56: L2:Schwann cell | H56: afd343f4-bb60-4632-9902-73a4a1ff1557 | I56: CELLxGENE:fb5eeccf-3c2a-473c-b6e3-7a1dda18d42d | J56: A poly(A) isoform–aware single-cell and spatial atlas defines fibroblast niches in the human bladder | K56: 一种多聚腺苷酸异构体感知的单细胞与空间图谱定义了人类膀胱中的成纤维细胞微环境 | L56: 2026 | M56: 10.64898/2025.12.18.695268 | N56: dome of urinary bladder|neck of urinary bladder|ureteral orifice|ureterovesical junction | O56: normal | P56: 10x 3' v3 | Q56: nucleus | R56: 74694 | S56: Schwann cell | U56: 外周神经再生 | V56: https://datasets.cellxgene.cziscience.com/1352a8d5-e392-4e1d-8acd-c47f3c93f22e.h5ad | W56: https://cellxgene.cziscience.com/collections/afd343f4-bb60-4632-9902-73a4a1ff1557 | X56: 1 | Y56: B | Z56: B
A57: 人 Human | B57: 泌尿系统 | C57: kidney | D57: Homo sapiens | E57: 待定(泛神经) | F57: — | G57: 含泛neuron(器官图谱→疑中枢/噪声,待裁定) | H57: 120e86b4-1195-48c5-845b-b98054105eec | I57: CELLxGENE:d7dcfd8f-2ee7-4385-b9ac-e074c23ed190 | J57: Spatiotemporal immune zonation of the human kidney | K57: 人肾脏的时空免疫分区 | L57: 2022 | M57: 10.1126/science.aat5031 | N57: kidney | O57: normal | P57: 10x 3' v2 | Q57: cell | R57: 27197 | S57: neuron | U57: 神经-免疫通讯 | V57: https://datasets.cellxgene.cziscience.com/4ae88372-a0dc-4f9e-b93a-18ade11be813.h5ad | W57: https://cellxgene.cziscience.com/collections/120e86b4-1195-48c5-845b-b98054105eec | X57: 2 | Y57: B | Z57: B
A58: 人 Human | B58: 泌尿系统 | C58: urinary bladder | D58: Homo sapiens | E58: L2 | F58: L2:Schwann cell | H58: 0e54d4de-44f0-4d50-8649-b5c2bbe8f5d1 | I58: CELLxGENE:2dd9d7a2-4bee-4c3f-a1f5-89bc3271c4f0 | J58: Exploring the Utility of snRNA-seq in Profiling Human Bladder Tissue: A Comprehensive Comparison with scRNA-seq | K58: 探索snRNA-seq在人类膀胱组织分析中的效用：与scRNA-seq的全面比较 | L58: 2024 | M58: 10.1016/j.isci.2024.111628 | N58: urinary bladder | O58: normal | P58: 10x 3' v3 | Q58: cell|nucleus | R58: 12964 | S58: Schwann cell | U58: 外周神经再生 | V58: https://datasets.cellxgene.cziscience.com/ac25d153-eb19-4e0e-ba4f-dd5be7295994.h5ad | W58: https://cellxgene.cziscience.com/collections/0e54d4de-44f0-4d50-8649-b5c2bbe8f5d1 | X58: 1 | Y58: B | Z58: B
A59: 人 Human | B59: 生殖/乳腺 | C59: peripheral zone of prostate | D59: Homo sapiens | E59: L4 | F59: L4:Neuroendocrine cell | H59: fbc5881f-1ee3-4ffe-8095-35e15e1a08fc | I59: CELLxGENE:8b2e5453-faf7-46ea-9073-aea69b283cb7 | J59: Urethral luminal epithelia are castration-insensitive cells of the proximal prostate | K59: 尿道腔上皮是前列腺近端的不受去势影响的细胞 | L59: 2021 | M59: 10.1002/pros.24020 | N59: peripheral zone of prostate|transition zone of prostate | O59: benign prostatic hyperplasia|normal | P59: 10x 3' v2 | Q59: cell | R59: 28847 | S59: neuroendocrine cell | U59: general peripheral neurobiology | V59: https://datasets.cellxgene.cziscience.com/b11b78b1-af0f-45d2-986c-bfaaa96d1291.h5ad | W59: https://cellxgene.cziscience.com/collections/fbc5881f-1ee3-4ffe-8095-35e15e1a08fc | X59: 2 | Y59: ? | Z59: B
A60: 人 Human | B60: 生殖/乳腺 | C60: peripheral zone of prostate | D60: Homo sapiens | E60: L4 | F60: L4:Neuroendocrine cell | H60: e2a4a67f-6a18-431a-ab9c-6e77dd31cc80 | I60: CELLxGENE:c3fe3c1e-5bf8-4678-b74a-79899243ad41 | J60: A Cellular Anatomy of the Normal Adult Human Prostate and Prostatic Urethra | K60: 正常成人前列腺和前列腺尿道的细胞解剖学 | L60: 2021 | M60: 10.1016/j.celrep.2018.11.086 | N60: peripheral zone of prostate|transition zone of prostate | O60: normal | P60: 10x 3' v2 | Q60: cell | R60: 28702 | S60: neuroendocrine cell | U60: general peripheral neurobiology | V60: https://datasets.cellxgene.cziscience.com/13907b46-3c3c-4092-bb6d-7b3cdb0cf7a6.h5ad | W60: https://cellxgene.cziscience.com/collections/e2a4a67f-6a18-431a-ab9c-6e77dd31cc80 | X60: 2 | Y60: ? | Z60: B
A61: 人 Human | B61: 生殖/乳腺 | C61: prostate gland | D61: Homo sapiens | E61: L2 | F61: L2:Myelinating Schwann cell | G61: 含泛glial(疑中枢胶质,慎收) | H61: bdac7a53-fe34-4f04-8c46-f9bd5297c099 | I61: CELLxGENE:881e0e6b-a185-45f1-9b56-81606e91e7ff | J61: Profiling of epithelial functional states and fibroblast phenotypes in hormone therapy-naïve localised prostate cancer | K61: 激素治疗初治局限性前列腺癌中上皮功能状态与成纤维细胞表型的分析 | L61: 2025 | M61: 10.1101/2024.10.23.619925 | N61: prostate gland | O61: prostatic acinar adenocarcinoma | P61: 10x 3' v3 | Q61: cell | R61: 68322 | S61: glial cell|myelinating Schwann cell|prostate neuroendocrine cell | U61: 神经-免疫通讯;外周神经再生 | V61: https://datasets.cellxgene.cziscience.com/68b23fda-7191-46a5-8870-819feca3e66e.h5ad | W61: https://cellxgene.cziscience.com/collections/bdac7a53-fe34-4f04-8c46-f9bd5297c099 | X61: 2 | Y61: ? | Z61: B
A62: 人 Human | B62: 内分泌/胰岛 | C62: islet of Langerhans | D62: Homo sapiens | E62: L2 | F62: L2:Schwann cell | H62: 58e85c2f-d52e-4c19-8393-b854b84d516e | I62: CELLxGENE:e51bae9a-c747-4b64-904a-4da7cda218ab | J62: A pancreatic islet scRNA-seq atlas from 48 non-diabetic, prediabetic and type 2 diabetic individuals of matched demographic and ethnic backgrounds | K62: 来自48名非糖尿病、前驱糖尿病和2型糖尿病个体（具有匹配的人口统计学和种族背景）的胰岛scRNA-seq图谱 | L62: 2025 | M62: 10.1101/2025.01.17.633590 | N62: islet of Langerhans | O62: normal|prediabetes syndrome|type 2 diabetes mellitus | P62: 10x 3' v2|10x 3' v3 | Q62: cell | R62: 245878 | S62: Schwann cell | U62: 外周神经再生 | V62: https://datasets.cellxgene.cziscience.com/3a4e48e2-9e80-4ea8-ac63-87fdf70f1a97.h5ad | W62: https://cellxgene.cziscience.com/collections/58e85c2f-d52e-4c19-8393-b854b84d516e | X62: 1 | Y62: B | Z62: B
A63: 人 Human | B63: 内分泌/胰岛 | C63: islet of Langerhans | D63: Homo sapiens | E63: L4 | F63: L4:Type D enteroendocrine cell | H63: a238e9fa-2bdf-41df-8522-69046f99baff | I63: CELLxGENE:66d15835-5dc8-4e96-b0eb-f48971cb65e8 | J63: Single-Cell Analysis of Human Pancreas Reveals Transcriptional Signatures of Aging and Somatic Mutation Patterns | K63: 人类胰腺单细胞分析揭示衰老的转录特征与体细胞突变模式 | L63: 2021 | M63: 10.1016/j.cell.2017.09.004 | N63: islet of Langerhans | O63: normal | P63: Smart-seq2 | Q63: cell | R63: 2544 | S63: type A enteroendocrine cell|type D enteroendocrine cell | U63: general peripheral neurobiology | V63: https://datasets.cellxgene.cziscience.com/08d4b9cf-3425-4413-a30f-8f97fe87b1e1.h5ad | W63: https://cellxgene.cziscience.com/collections/a238e9fa-2bdf-41df-8522-69046f99baff | X63: 1 | Y63: B | Z63: B
A64: 人 Human | B64: 肌肉骨骼 | C64: intercostal muscle | D64: Homo sapiens | E64: L2;L3 | F64: L2:Myelinating Schwann cell/Non-myelinating Schwann cell | L3:Perineurial cell | H64: 2d40e6a7-f2fd-49ba-9db9-6b97e4c6dad5 | I64: CELLxGENE:b3c9904b-2ffd-4038-8620-ee1c5b072e9c | J64: Human skeletal muscle ageing atlas | K64: 人类骨骼肌衰老图谱 | L64: 2024 | M64: 10.1038/s43587-024-00613-3 | N64: intercostal muscle | O64: normal | P64: 10x 3' v2|10x 3' v3 | Q64: cell|nucleus | R64: 183161 | S64: myelinating Schwann cell|non-myelinating Schwann cell|perineurial cell | U64: 外周神经再生 | V64: https://datasets.cellxgene.cziscience.com/5fd93c55-8047-48fb-905c-6ef2f7767483.h5ad | W64: https://cellxgene.cziscience.com/collections/2d40e6a7-f2fd-49ba-9db9-6b97e4c6dad5 | X64: 3 | Y64: ? | Z64: A
A65: 人 Human | B65: 口腔牙齿 | C65: dental pulp | D65: Homo sapiens | E65: L2 | F65: L2:Schwann cell | G65: 含泛glial(疑中枢胶质,慎收) | H65: bd3f7d45-43a0-4944-8327-62d6c89e2ae1 | I65: CELLxGENE:bdd109f1-ca27-45dc-bb9f-473008449428 | J65: Single-Cell Transcriptomic Profiling of Human Dental Pulp in Sound and Carious Teeth: A Pilot Study | K65: 单细胞转录组学分析健康与龋齿人牙髓：一项初步研究 | L65: 2024 | M65: 10.3389/fdmed.2021.806294 | N65: dental pulp | O65: enamel caries|normal|pulpitis | P65: 10x 3' v2 | Q65: cell | R65: 6560 | S65: Schwann cell|glial cell | U65: 外周神经再生 | V65: https://datasets.cellxgene.cziscience.com/c184cf5a-2c44-4908-96d9-165dd5e07f07.h5ad | W65: https://cellxgene.cziscience.com/collections/bd3f7d45-43a0-4944-8327-62d6c89e2ae1 | X65: 1 | Y65: ? | Z65: A
A66: 人 Human | B66: 肝胆 | C66: liver | D66: Homo sapiens | E66: 待定(泛神经) | F66: — | G66: 含泛neuron(器官图谱→疑中枢/噪声,待裁定) | H66: a96133de-e951-4e2d-ace6-59db8b3bfb1d | I66: CELLxGENE:71513028-e4a0-4c62-a435-16598791690a | J66: HTAN/HTAPP Broad - Spatio-molecular dissection of the breast cancer metastatic microenvironment | K66: HTAN/HTAPP Broad - 乳腺癌转移微环境的时空分子解析 | L66: 2024 | M66: 10.1038/s41591-024-03215-z | N66: liver | O66: breast cancer | P66: 10x 3' v3 | Q66: nucleus | R66: 12258 | S66: neuron | U66: 神经-免疫通讯 | V66: https://datasets.cellxgene.cziscience.com/79a15872-c7b9-402b-8e0c-a9dd669c366b.h5ad | W66: https://cellxgene.cziscience.com/collections/a96133de-e951-4e2d-ace6-59db8b3bfb1d | X66: 1 | Y66: B | Z66: B
A67: 人 Human | B67: 肝胆 | C67: liver | D67: Homo sapiens | E67: 待定(泛神经) | F67: — | G67: 含泛neuron(器官图谱→疑中枢/噪声,待裁定) | H67: a261413d-835b-4f1e-ab0c-dada55ea6afd | I67: CELLxGENE:ec6ceff8-c8bc-488d-b6bf-30df2fa92169 | J67: Identification of distinct tumor cell populations and key genetic mechanisms through single cell sequencing in hepatoblastoma | K67: 通过单细胞测序鉴定肝母细胞瘤中不同的肿瘤细胞群体及关键遗传机制 | L67: 2022 | M67: 10.1038/s42003-021-02562-8 | N67: liver | O67: blastoma|normal | P67: 10x 3' v3 | Q67: nucleus | R67: 67110 | S67: neuron | U67: 神经-免疫通讯 | V67: https://datasets.cellxgene.cziscience.com/d66d154b-5ff6-4b1a-b25e-376cf4784bb7.h5ad | W67: https://cellxgene.cziscience.com/collections/a261413d-835b-4f1e-ab0c-dada55ea6afd | X67: 1 | Y67: B | Z67: B
A68: 人 Human | B68: 淋巴/免疫/血液 | C68: abdomen | D68: Homo sapiens | E68: L2 | F68: L2:Schwann cell | H68: cee845e3-ec04-4781-9e2a-28734bb4f7ba | I68: CELLxGENE:afae4675-434d-4e89-b5ce-2854c9dc38a3 | J68: HTAN CHOP - Longitudinal single-cell multiomic atlas of high-risk neuroblastoma reveals chemotherapy-induced tumor microenvironment rewiring | K68: HTAN CHOP - 高风险神经母细胞瘤的纵向单细胞多组学图谱揭示化疗诱导的肿瘤微环境重塑 | L68: 2025 | M68: 10.1038/s41588-025-02158-6 | N68: abdomen|adrenal gland|cervical lymph node|chest|liver|lymph node|neck | O68: neuroblastoma | P68: 10x 3' v3 | Q68: nucleus | R68: 372619 | S68: Schwann cell | U68: 神经-免疫通讯;外周神经再生 | V68: https://datasets.cellxgene.cziscience.com/c477b5ea-3848-49f2-96a3-bbbcc95a3e14.h5ad | W68: https://cellxgene.cziscience.com/collections/cee845e3-ec04-4781-9e2a-28734bb4f7ba | X68: 2 | Y68: B | Z68: B
A69: 人 Human | B69: 淋巴/免疫/血液 | C69: bone marrow | D69: Homo sapiens | E69: L2 | F69: L2:Schwann cell | H69: 793fdaec-5067-428a-a9db-ecefe135c945 | I69: CELLxGENE:1a2e3350-28a8-4f49-b33c-5b67ceb001f6 | J69: Blood and immune development in human fetal bone marrow and Down syndrome | K69: 人类胎儿骨髓及唐氏综合征中的血液与免疫发育 | L69: 2022 | M69: 10.1038/s41586-021-03929-x | N69: bone marrow | O69: normal | P69: 10x 3' v2|10x 5' v1 | Q69: cell | R69: 103228 | S69: Schwann cell | U69: 神经-免疫通讯;外周神经再生 | V69: https://datasets.cellxgene.cziscience.com/47362a52-4a8c-48ae-8968-00d4e57d1dfc.h5ad | W69: https://cellxgene.cziscience.com/collections/793fdaec-5067-428a-a9db-ecefe135c945 | X69: 1 | Y69: B | Z69: B
A70: 人 Human | B70: 多器官图谱/全身 | C70: alveolar sac | D70: Homo sapiens | E70: L2;L4 | F70: L2:Schwann cell | L4:Enteroendocrine cell/Neuroendocrine cell | G70: 含泛neuron(肠,待裁定) | H70: 6282a908-f162-44a2-99a3-8a942e4271b2 | I70: CELLxGENE:6725ee8e-ef5b-4e68-8901-61bd14a1fe73 | J70: Integrated human endoderm-derived organoids cell atlas (HEOCA) | K70: 整合人内胚层来源类器官细胞图谱（HEOCA） | L70: 2024 | M70: 10.1038/s41588-025-02182-6 | N70: alveolar sac|biliary system|bronchus|colon|common bile duct|corpus|duodenum|gallbladder|ileum|intestine|intrahepatic bile duct|liver|lung|lung epithelium|nasopharynx|pancreas|prostate gland|pyloric antrum|salivary gland epithelium|stomach|thyroid gland | O70: normal | P70: 10x 3' v2|10x 3' v3|10x 5' v1|10x multiome|CEL-seq2|SORT-seq|Seq-Well S3|Smart-seq | Q70: cell|nucleus | R70: 806646 | S70: Schwann cell|enteroendocrine cell|neuroendocrine cell|neuron | U70: 外周神经再生 | V70: https://datasets.cellxgene.cziscience.com/40f7635e-7fcd-4ede-82e9-0d32753a6b82.h5ad | W70: https://cellxgene.cziscience.com/collections/6282a908-f162-44a2-99a3-8a942e4271b2 | X70: 3 | Y70: ? | Z70: B
A71: 人 Human | B71: 多器官图谱/全身 | C71: anterior wall of left ventricle | D71: Homo sapiens | E71: L2;L4 | F71: L2:Schwann cell | L4:Neuroendocrine cell | G71: 含泛neuron(肠,待裁定) | H71: a3ffde6c-7ad2-498a-903c-d58e732f7470 | I71: CELLxGENE:4ed927e9-c099-49af-b8ce-a2652d069333 | J71: Single-nucleus cross-tissue molecular reference maps to decipher disease gene function | K71: 单细胞核跨组织分子参考图谱解析疾病基因功能 | L71: 2022 | M71: 10.1126/science.abl4290 | N71: anterior wall of left ventricle|breast|esophagus muscularis mucosa|gastrocnemius|lingula of left lung|mucosa|prostate gland|skin of leg | O71: normal | P71: 10x 3' v2 | Q71: nucleus | R71: 209126 | S71: Schwann cell|neuroendocrine cell|neuron | U71: 外周神经再生 | V71: https://datasets.cellxgene.cziscience.com/9130af6d-b035-4c2c-868a-ef9a572270be.h5ad | W71: https://cellxgene.cziscience.com/collections/a3ffde6c-7ad2-498a-903c-d58e732f7470 | X71: 1 | Y71: ? | Z71: B
A72: 人 Human | B72: 多器官图谱/全身 | C72: bone marrow | D72: Homo sapiens | E72: L4 | F72: L4:Enteroendocrine cell | G72: 含泛neuron(肠,待裁定) ; 含泛glial(疑肠胶质,可能L2) | H72: b1a879f6-5638-48d3-8f64-f6592c1b1561 | I72: CELLxGENE:fd072bc3-2dfb-46f8-b4e3-467cb3223182 | J72: Mapping the developing human immune system across organs | K72: 跨器官绘制发育中的人类免疫系统图谱 | L72: 2022 | M72: 10.1126/science.abo0510 | N72: bone marrow|gut wall|kidney|liver|mesenteric lymph node|skin of body|spleen|thymus|yolk sac | O72: normal | P72: 10x 3' v2|10x 5' v1 | Q72: cell | R72: 908046 | S72: enteroendocrine cell|glial cell|neuron | U72: 神经-免疫通讯 | V72: https://datasets.cellxgene.cziscience.com/df38503b-8dba-4800-957d-6613747924bb.h5ad | W72: https://cellxgene.cziscience.com/collections/b1a879f6-5638-48d3-8f64-f6592c1b1561 | X72: 2 | Y72: ? | Z72: B
A73: 鼠 Mouse | B73: 周围神经节/神经干 | C73: dorsal root ganglion | D73: Mus musculus | E73: L1 | F73: L1:Sensory neuron (DRG) | G73: 含泛glial(疑中枢胶质,慎收) | H73: 03608e22-227a-4492-910b-3cb3f16f952e | I73: CELLxGENE:b6f472f1-a58d-43a7-a898-2d6822a0b2b2 | J73: iPain atlas | K73: iPain图谱 | L73: 2024 | M73: 10.1038/s41467-024-52052-8 | N73: dorsal root ganglion | O73: normal|peripheral neuropathy | P73: 10x 3' v2|10x 3' v3|10x multiome|Smart-seq2|Smart-seq3|inDrop | Q73: nucleus|cell | R73: 191798 | S73: glial cell|sensory neuron of dorsal root ganglion | U73: 针灸作用相关 | V73: https://datasets.cellxgene.cziscience.com/9e592a91-b992-4f54-9bbe-2f53dd3308da.h5ad | W73: https://cellxgene.cziscience.com/collections/03608e22-227a-4492-910b-3cb3f16f952e | X73: 6 | Y73: ? | Z73: B
A74: 鼠 Mouse | B74: 周围神经节/神经干 | C74: lumbar dorsal root ganglia L3-L5 | D74: Mus musculus | E74: L1 | F74: GEO补充(未规范化) | H74: NA | I74: GSE198485 | J74: Single cell RNAseq Adult Mouse Lumbar Dorsal Root Ganglia (DRG) | K74: 单细胞RNA测序成年小鼠腰椎背根神经节(DRG) | L74: 2023 | M74: PMID:37120427; PMID:37664243 | N74: lumbar dorsal root ganglia L3-L5 | O74: naive adult male mouse | P74: scRNA-seq | Q74: NA | R74: not reported in GEO summary; processed TAR 114.2 Mb | S74: sensory neuron; non-neuronal DRG cells | U74: 针灸作用相关 | V74: NA | W74: https://www.ncbi.nlm.nih.gov/geo/query/acc.cgi?acc=GSE198485 | X74: 1 | Y74: ? | Z74: B
A75: 鼠 Mouse | B75: 周围神经节/神经干 | C75: sciatic nerve | D75: Mus musculus | E75: L2 | F75: GEO补充(未规范化) | H75: NA | I75: GSE182098 | J75: Disentangling glial diversity in peripheral nerves at single-nuclei resolution | K75: 单核分辨率下解析外周神经胶质细胞多样性 | L75: 2022 | M75: PMID:35115729 | N75: sciatic nerve; peroneal nerve; sural nerve; vagus nerve | O75: normal; ALS model comparison in associated study | P75: snRNA-seq; scRNA-seq | Q75: NA | R75: not reported in GEO summary; 12 sc/sn libraries | S75: Schwann cell; myelinating Schwann cell; non-myelinating Schwann cell; stromal/immune nerve cells | U75: 针灸作用相关;神经-免疫通讯;外周神经再生 | V75: NA | W75: https://milbrandtlab.wustl.edu/glia-portal/ | X75: 1 | Y75: ? | Z75: B
A76: 鼠 Mouse | B76: 肠神经/消化道 | C76: small intestine | D76: Mus musculus | E76: L1;L2 | F76: GEO补充(未规范化) | H76: NA | I76: GSE149524 | J76: Single Cell RNA-sequencing analysis of the juvenile and embryonic mouse enteric nervous system (ENS) of the small intestine | K76: 幼年和胚胎小鼠小肠肠神经系统（ENS）的单细胞RNA测序分析 | L76: 2020 | M76: PMID:33288908 | N76: small intestine; enteric nervous system | O76: juvenile and embryonic development | P76: scRNA-seq | Q76: NA | R76: not reported in GEO summary; 4 samples | S76: enteric neuron; enteric glia; enteric progenitor | U76: general peripheral neurobiology | V76: NA | W76: https://www.ncbi.nlm.nih.gov/geo/query/acc.cgi?acc=GSE149524 | X76: 1 | Y76: ? | Z76: A
A77: 鼠 Mouse | B77: 肠神经/消化道 | C77: small intestine | D77: Mus musculus | E77: L1;L2 | F77: GEO补充(未规范化) | H77: NA | I77: GSE156905 | J77: scRNA-sequencing reveals new enteric nervous system roles for GDNF, NRTN, and TBX3 | K77: scRNA-测序揭示GDNF、NRTN和TBX3在肠神经系统中的新作用 | L77: 2020 | M77: not reported in repository metadata | N77: small intestine; enteric nervous system | O77: juvenile/adolescent ENS development | P77: scRNA-seq | Q77: NA | R77: not reported in repository metadata | S77: enteric neuron; enteric glia | U77: general peripheral neurobiology | V77: NA | W77: https://www.omicsdi.org/dataset/geo/GSE156905 | X77: 1 | Y77: ? | Z77: A
A78: 鼠 Mouse | B78: 肠神经/消化道 | C78: small intestine | D78: Mus musculus | E78: L2 | F78: GEO补充(未规范化) | H78: NA | I78: GSE184981 | J78: Single-cell transcriptomic and epigenetic profiling of mouse myenteric plexus glial cells | K78: 小鼠肌间神经丛胶质细胞的单细胞转录组与表观遗传学分析 | L78: 2023 | M78: not reported in repository metadata | N78: small intestine; myenteric plexus | O78: normal; glial neurogenesis / neurosphere culture | P78: scRNA-seq; snATAC-seq | Q78: NA | R78: not reported in repository metadata | S78: enteric glia; neurogenic glia | U78: general peripheral neurobiology | V78: NA | W78: https://www.omicsdi.org/dataset/geo/GSE156905 | X78: 1 | Y78: ? | Z78: A
A79: 鼠 Mouse | B79: 肠神经/消化道 | C79: small intestine | D79: Mus musculus | E79: L4 | F79: L4:Enteroendocrine cell of small intestine | H79: 3db5617e-9f12-4eb4-8416-94893a0d7c46 | I79: CELLxGENE:a5ab6cde-46d4-4667-9b32-cfce54fa7a4e | J79: Epithelial zonation along the mammalian small intestine defines five discrete metabolic domains | K79: 哺乳动物小肠沿线的上皮分区定义了五个离散的代谢区域 | L79: 2024 | M79: 10.1038/s41556-023-01337-z | N79: small intestine | O79: normal | P79: 10x 3' v3 | Q79: cell | R79: 19847 | S79: enteroendocrine cell of small intestine | U79: general peripheral neurobiology | V79: https://datasets.cellxgene.cziscience.com/3dfc4a1f-5683-4f2a-8a19-bedf27daa3e5.h5ad | W79: https://cellxgene.cziscience.com/collections/3db5617e-9f12-4eb4-8416-94893a0d7c46 | X79: 2 | Y79: ? | Z79: A
A80: 鼠 Mouse | B80: 皮肤 | C80: autopod skin | D80: Mus musculus | E80: L2 | F80: L2:Schwann cell | H80: f5af7a2f-ab4c-4728-829e-48efb9562105 | I80: CELLxGENE:7be2824e-d62a-42ef-9169-084555c6df87 | J80: Single cell RNA sequencing of paw skin from healthy and Col7a1 knockout (RDEB) mice | K80: 健康与Col7a1基因敲除（RDEB）小鼠爪垫皮肤的单细胞RNA测序 | L80: 2024 | M80: 10.3389/fimmu.2023.1211505 | N80: autopod skin | O80: epidermolysis bullosa|normal | P80: 10x 3' v3 | Q80: cell | R80: 9816 | S80: Schwann cell | U80: 外周神经再生 | V80: https://datasets.cellxgene.cziscience.com/2965d8bb-05c5-40a1-bb03-c0b568cb1919.h5ad | W80: https://cellxgene.cziscience.com/collections/f5af7a2f-ab4c-4728-829e-48efb9562105 | X80: 2 | Y80: A | Z80: A
A81: 鼠 Mouse | B81: 心血管 | C81: heart | D81: Mus musculus | E81: L2 | F81: L2:Schwann cell | G81: 含泛neuron(器官图谱→疑中枢/噪声,待裁定) | H81: 613f5480-4957-4f80-b804-0e2b85ac454c | I81: CELLxGENE:731e0ae7-e600-470f-a6dc-8c35c28d6c3d | J81: Mouse perinatal heart maturation scRNA-seq | K81: 小鼠围产期心脏成熟scRNA-seq | L81: 2024 | M81: 10.1101/2024.03.05.583423 | N81: heart | O81: normal | P81: Drop-seq | Q81: cell | R81: 49769 | S81: Schwann cell|neuron | U81: 外周神经再生 | V81: https://datasets.cellxgene.cziscience.com/287a43aa-a1bd-41bd-925e-0ac43fdb1228.h5ad | W81: https://cellxgene.cziscience.com/collections/613f5480-4957-4f80-b804-0e2b85ac454c | X81: 1 | Y81: A | Z81: A
A82: 鼠 Mouse | B82: 泌尿系统 | C82: kidney | D82: Mus musculus | E82: L2 | F82: L2:Schwann cell | H82: 9c9d04c4-8899-417f-bb6f-6107dcadf14f | I82: CELLxGENE:9ac3d74d-1d94-4ff9-abf9-fe5abe4bd2a6 | J82: Cellular and Spatial Drivers of Unresolved Injury and Functional Decline in the Human Kidney | K82: 人类肾脏中未消退损伤与功能衰退的细胞及空间驱动因素 | L82: 2025 | M82: 10.1101/2025.09.26.678707 | N82: kidney | O82: acute kidney injury|normal | P82: 10x 3' v2|10x multiome | Q82: nucleus | R82: 315764 | S82: Schwann cell | U82: 外周神经再生;伤口修复 | V82: https://datasets.cellxgene.cziscience.com/19aab2ef-654a-4047-8f60-3529c041851d.h5ad | W82: https://cellxgene.cziscience.com/collections/9c9d04c4-8899-417f-bb6f-6107dcadf14f | X82: 1 | Y82: B | Z82: B
A83: 鼠 Mouse | B83: 生殖/乳腺 | C83: mammary gland | D83: Mus musculus | E83: L2 | F83: L2:Schwann cell | H83: bae2ee8c-b49c-41d0-9097-960d18a39e20 | I83: CELLxGENE:6c6b4c47-096d-4084-97e7-714ee10c556c | J83: Time-resolved single-cell analysis of Brca1 associated mammary tumourigenesis reveals aberrant differentiation of luminal progenitors | K83: 时间分辨单细胞分析揭示Brca1相关乳腺肿瘤发生中腔祖细胞的异常分化 | L83: 2025 | M83: 10.1038/s41467-021-21783-3 | N83: mammary gland | O83: neoplasm|normal | P83: 10x 3' v2|10x 3' v3 | Q83: cell | R83: 197896 | S83: Schwann cell | U83: 外周神经再生 | V83: https://datasets.cellxgene.cziscience.com/e05a1540-f925-412d-919c-8e0116c1b4be.h5ad | W83: https://cellxgene.cziscience.com/collections/bae2ee8c-b49c-41d0-9097-960d18a39e20 | X83: 1 | Y83: ? | Z83: B
A84: 鼠 Mouse | B84: 内分泌/胰岛 | C84: islet of Langerhans | D84: Mus musculus | E84: L2 | F84: L2:Schwann cell | H84: 296237e2-393d-4e31-b590-b03f74ac5070 | I84: CELLxGENE:49e4ffcc-5444-406d-bdee-577127404ba8 | J84: Mouse pancreatic islet scRNA-seq atlas across sexes, ages, and stress conditions including diabetes | K84: 小鼠胰岛scRNA-seq图谱：涵盖性别、年龄及包括糖尿病在内的应激条件 | L84: 2023 | M84: 10.1038/s42255-023-00876-x | N84: islet of Langerhans|pancreas | O84: endocrine pancreas disorder|normal|type 1 diabetes mellitus|type 2 diabetes mellitus | P84: 10x 3' v2|10x 3' v3 | Q84: cell | R84: 301796 | S84: Schwann cell | U84: 外周神经再生 | V84: https://datasets.cellxgene.cziscience.com/2cf0b367-e31b-4ab3-8557-8f2c4ac2a31a.h5ad | W84: https://cellxgene.cziscience.com/collections/296237e2-393d-4e31-b590-b03f74ac5070 | X84: 1 | Y84: B | Z84: B
A85: 鼠 Mouse | B85: 肌肉骨骼 | C85: gastrocnemius | D85: Mus musculus | E85: L2;L3 | F85: L2:Schwann cell | L3:Perineurial cell | H85: ef9f0fae-c12c-4f1a-bb67-63346c2ae0f1 | I85: CELLxGENE:a48343a2-7570-49d0-8849-9db6c21dffcb | J85: Single Nuclei Atlas of Innervated and Denervated Mouse Muscle | K85: 小鼠肌肉神经支配与去神经支配的单细胞核图谱 | L85: 2025 | M85: 10.1038/s41467-025-57487-1 | N85: gastrocnemius|skeletal muscle tissue of tibialis anterior | O85: lesion of sciatic nerve|neuromuscular junction disease|normal|toxin-mediated infectious botulism | P85: 10x 3' v3 | Q85: nucleus | R85: 102688 | S85: Schwann cell|perineurial cell | U85: 针灸作用相关;外周神经再生 | V85: https://datasets.cellxgene.cziscience.com/f991c1a9-d2ff-488e-bd18-d75e0e1d2d7b.h5ad | W85: https://cellxgene.cziscience.com/collections/ef9f0fae-c12c-4f1a-bb67-63346c2ae0f1 | X85: 3 | Y85: ? | Z85: A
A86: 鼠 Mouse | B86: 胚胎/发育 | C86: embryo | D86: Mus musculus | E86: L1;L2;L4 | F86: L1:Efferent neuron/Enteric neuron/Parasympathetic neuron/Peripheral nervous system neuron/Sensory neuron (DRG)/Sympathetic neuron | L2:Schwann cell precursor/Myelinating Schwann cell/Satellite glial cell | L4:Intestinal enteroendocrine cell | G86: 含泛neuron(器官图谱→疑中枢/噪声,待裁定) | H86: 45d5d2c3-bc28-4814-aed6-0bb6f0e11c82 | I86: CELLxGENE:dcfd4feb-18a3-4b30-81d7-1b0c544a8ab3 | J86: A single-cell transcriptional timelapse of mouse embryonic development, from gastrula to pup | K86: NA | L86: NA | M86: 10.1038/s41586-024-07069-w | N86: embryo | O86: normal | P86: sci-RNA-seq3 | Q86: nucleus | R86: 11441407 | S86: GABAergic neuron|Schwann cell precursor|cerebral cortex GABAergic interneuron|cranial motor neuron|efferent neuron|enteric neuron|glutamatergic neuron|intestinal enteroendocrine cell|microglial cell|myelinating Schwann cell|neuron|parasympathetic neuron|perineuronal satellite cell|peripheral nervous system neuron|retinal bipolar neuron|sensory neuron of dorsal root ganglion|spinal cord motor neuron|spiral ganglion neuron|sympathetic neuron|thalamic excitatory neuron | U86: NA | V86: https://datasets.cellxgene.cziscience.com/1bc30289-9565-4099-abf9-3326328c11ac.h5ad | W86: https://cellxgene.cziscience.com/collections/45d5d2c3-bc28-4814-aed6-0bb6f0e11c82 | X86: 11 | Y86: B | Z86: B
A87: 鼠 Mouse | B87: 多器官图谱/全身 | C87: adipose tissue | D87: Mus musculus | E87: L1;L2;L4 | F87: L1:Cardiac neuron | L2:Schwann cell | L4:Neuroendocrine cell/Pulmonary neuroendocrine cell | H87: 0b9d8a04-bb9d-44da-aa27-705bb65b54eb | I87: CELLxGENE:48b37086-25f7-4ecd-be66-f5bb378e3aea | J87: Tabula Muris Senis | K87: Tabula Muris Senis | L87: 2021 | M87: 10.1038/s41586-020-2496-1 | N87: adipose tissue|bladder lumen|bone marrow|heart|kidney|large intestine|limb muscle|liver|lung|mammary gland|pancreas|skin of body|spleen|thymus|tongue|trachea | O87: normal | P87: 10x 3' v2 | Q87: cell | R87: 245389 | S87: Schwann cell|cardiac neuron|neuroendocrine cell|pulmonary neuroendocrine cell | U87: 外周神经再生 | V87: https://datasets.cellxgene.cziscience.com/084058cc-4f17-43ce-b14e-1278df074013.h5ad | W87: https://cellxgene.cziscience.com/collections/0b9d8a04-bb9d-44da-aa27-705bb65b54eb | X87: 5 | Y87: ? | Z87: B
A88: 鼠 Mouse | B88: 多器官图谱/全身 | C88: blood | D88: Mus musculus | E88: L2 | F88: L2:Schwann cell | H88: 24e324a1-b42d-4438-9bb5-cf5233fa90b0 | I88: CELLxGENE:7b6bab5a-f9c4-4a56-9ed4-3b9079b14867 | J88: Single cell transcriptomic analyses of the dynamic local and systemic response to cardiac injury in mice and zebrafish. | K88: 小鼠和斑马鱼心脏损伤后动态局部及全身反应的单细胞转录组分析 | L88: 2024 | M88: 10.1038/s42003-024-07315-x | N88: blood|heart|kidney|liver|pancreas | O88: myocardial infarction|normal | P88: 10x 3' v3 | Q88: cell | R88: 194315 | S88: Schwann cell | U88: 针灸作用相关;外周神经再生;伤口修复 | V88: https://datasets.cellxgene.cziscience.com/3ae58a8e-a64e-44b5-94c6-af55c88e02d3.h5ad | W88: https://cellxgene.cziscience.com/collections/24e324a1-b42d-4438-9bb5-cf5233fa90b0 | X88: 1 | Y88: ? | Z88: B
A89: 人鼠 Human;Mouse | B89: 肠神经/消化道 | C89: colon | D89: Homo sapiens; Mus musculus | E89: L1;L2 | F89: GEO补充(未规范化) | H89: NA | I89: SCP1038 | J89: The human and mouse enteric nervous system at single cell resolution | K89: 单细胞分辨率下的人类和小鼠肠神经系统 | L89: 2020 | M89: DOI:10.1016/j.cell.2020.08.003 | N89: colon; ileum; enteric nervous system/myenteric plexus | O89: normal adult/fetal/reference ENS | P89: snRNA-seq; scRNA-seq | Q89: NA | R89: 586460 total cells in portal; includes neuron/glia subsets | S89: enteric neuron; enteric glia | U89: general peripheral neurobiology | V89: NA | W89: https://singlecell.broadinstitute.org/single_cell/study/SCP1038/the-human-and-mouse-enteric-nervous-system-at-single-cell-resolution | X89: 1 | Y89: ? | Z89: A

Sheet 人 Human
A1: 物种(中文) | B1: 组织系统大类 | C1: 主组织 | D1: Species | E1: 细胞分层 | F1: 分层依据(具体细胞) | G1: 泛化提示 | H1: collection_id | I1: 代表Dataset_ID | J1: Publication_Title | K1: 中文标题 | L1: Year | M1: PMID/DOI | N1: Tissue | O1: Disease | P1: Technology | Q1: 悬浮susp | R1: Cell_Number | S1: 外周相关细胞(规范) | T1: Marker_Genes | U1: Application_Tags | V1: h5ad下载 | W1: collection链接 | X1: 折叠ds数
A2: 人 Human | B2: 周围神经节/神经干 | C2: choroid plexus | D2: Homo sapiens | E2: 待定(泛神经) | F2: — | G2: 含泛glial(疑中枢胶质,慎收) | H2: 59c9ecfe-c47d-4a6a-bab0-895cc0c1942b | I2: CELLxGENE:595c9010-99ec-462d-b6a1-2b2fe5407871 | J2: Dysregulation of brain and choroid plexus cell types in severe COVID-19 | K2: 严重COVID-19中脑和脉络丛细胞类型的失调 | L2: 2024 | M2: 10.1038/s41586-021-03710-0 | N2: choroid plexus | O2: COVID-19|aspiration pneumonia|influenza|malignant pancreatic neoplasm | P2: 10x 3' v3 | Q2: nucleus | R2: 27092 | S2: glial cell | T2: SOX10;PLP1;S100B;GFRA3;FABP7 | U2: 神经-免疫通讯;炎症 | V2: https://datasets.cellxgene.cziscience.com/6dd04cc1-f4b6-49c4-b34c-56508ea8af8c.h5ad | W2: https://cellxgene.cziscience.com/collections/59c9ecfe-c47d-4a6a-bab0-895cc0c1942b | X2: 1
A3: 人 Human | B3: 周围神经节/神经干 | C3: cranial nerve II | D3: Homo sapiens | E3: L2 | F3: L2:Myelinating Schwann cell/Non-myelinating Schwann cell | H3: 05e3d0fc-c9dd-4f14-9163-2b242b3bb5c2 | I3: CELLxGENE:3c364ffe-d599-44d5-a77f-6c5fd7038cf6 | J3: Single cell atlas of the human optic nerve | K3: 人视神经单细胞图谱 | L3: 2025 | M3: not reported in repository metadata | N3: cranial nerve II|optic disc | O3: normal | P3: 10x 3' v3 | Q3: nucleus | R3: 959629 | S3: microglial cell|myelinating Schwann cell|non-myelinating Schwann cell | T3: SOX10;MPZ;PLP1;MBP;PMP22 | U3: 针灸作用相关;外周神经再生 | V3: https://datasets.cellxgene.cziscience.com/b27057d6-a6a0-40e8-a4ba-5373a03746d2.h5ad | W3: https://cellxgene.cziscience.com/collections/05e3d0fc-c9dd-4f14-9163-2b242b3bb5c2 | X3: 1
A4: 人 Human | B4: 周围神经节/神经干 | C4: dorsal root ganglion | D4: Homo sapiens | E4: L1 | F4: L1:Sensory neuron (DRG) | H4: 741abcf7-af4b-425d-88db-7e0b0d845719 | I4: CELLxGENE:d973ea15-3722-4bc8-a0e8-1d956d26e203 | J4: Single-nucleus transcriptomic analysis of human dorsal root ganglion neurons. | K4: 人背根神经节神经元的单核转录组分析 | L4: 2025 | M4: 10.7554/eLife.71752 | N4: dorsal root ganglion | O4: normal | P4: 10x 3' v2|10x 3' v3 | Q4: nucleus | R4: 1837 | S4: sensory neuron of dorsal root ganglion | T4: RBFOX3;TUBB3;SNAP25;PRPH;PHOX2B | U4: 针灸作用相关 | V4: https://datasets.cellxgene.cziscience.com/cf1271ef-08be-46dd-b39e-90c3aa72755e.h5ad | W4: https://cellxgene.cziscience.com/collections/741abcf7-af4b-425d-88db-7e0b0d845719 | X4: 1
A5: 人 Human | B5: 肠神经/消化道 | C5: ascending colon | D5: Homo sapiens | E5: L1;L2;L4 | F5: L1:Afferent neuron/Enteric neuron/Inhibitory motor neuron/Interneuron (ENS)/Motor neuron | L2:Enteroglial cell | L4:Enteroendocrine cell/Type EC enteroendocrine cell/Type G enteroendocrine cell/Type X enteroendocrine cell | H5: f11cb29c-b546-4738-9bd8-66ea621a7bd5 | I5: CELLxGENE:19053a82-9c89-4fb8-bd19-d7b1800b0b7b | J5: Single-cell integration reveals metaplasia in inflammatory gut diseases | K5: 单细胞整合揭示炎症性肠道疾病中的化生 | L5: 2025 | M5: 10.1038/s41586-024-07571-1 | N5: ascending colon|body of stomach|buccal mucosa|caecum|caecum epithelium|cecum mucosa|colon|colonic epithelium|colonic mucosa|descending colon|duodenal epithelium|duodenum|epithelium of esophagus|epithelium of rectum|epithelium of small intestine|epithelium of stomach|esophagus|gingiva|ileal epithelium|ileum|ileum lamina propria|intestine|jejunum|labial gland|lamina propria of mucosa of colon|lamina propria of small intestine|mesenteric lymph node|mucosa of sigmoid colon|mucosa of transverse colon|parotid gland|periodontium|pyloric antrum|pylorus|rectosigmoid junction|rectum|sigmoid colon|small intestine|stomach|transverse colon|vermiform appendix | O5: Crohn disease|celiac disease|colorectal cancer|gastric cancer|inflammatory bowel disease|normal|ulcerative colitis | P5: 10x 3' v1|10x 3' v2|10x 3' v3|10x 5' transcription profiling|10x 5' v1|10x 5' v2 | Q5: cell | R5: 1596200 | S5: afferent neuron|enteric neuron|enteroendocrine cell|enteroglial cell|inhibitory motor neuron|interneuron|motor neuron|type EC enteroendocrine cell|type G enteroendocrine cell|type X enteroendocrine cell | T5: SOX10;PLP1;S100B;GFRA3;FABP7 | U5: 神经-免疫通讯;炎症;伤口修复 | V5: https://datasets.cellxgene.cziscience.com/757945c8-a916-431d-aceb-1afbc80a7c55.h5ad | W5: https://cellxgene.cziscience.com/collections/f11cb29c-b546-4738-9bd8-66ea621a7bd5 | X5: 11
A6: 人 Human | B6: 肠神经/消化道 | C6: ascending colon | D6: Homo sapiens | E6: L1;L4 | F6: L1:Inhibitory motor neuron/Interneuron (ENS)/Motor neuron | L4:Enteroendocrine cell/Type D enteroendocrine cell/Type EC enteroendocrine cell/Type L enteroendocrine cell | G6: 含泛glial(疑肠胶质,可能L2) | H6: e33ffcd3-7cbf-4b8c-b0f4-85587ad5019a | I6: CELLxGENE:80a2c5b6-02e7-4fc0-9f12-179f5247c1bc | J6: Cells of the human intestinal tract mapped across space and time | K6: 人类肠道细胞在空间和时间上的图谱 | L6: 2022 | M6: 10.1038/s41586-021-03852-1 | N6: ascending colon|caecum|colon|descending colon|duodenum|ileum|jejunum|large intestine|lymph node|mesenteric lymph node|rectum|sigmoid colon|small intestine|transverse colon|vermiform appendix | O6: Crohn disease|normal | P6: 10x 3' v2|10x 5' v2 | Q6: cell | R6: 428469 | S6: enteroendocrine cell|glial cell|inhibitory motor neuron|interneuron|motor neuron|primary sensory neuron (sensu Teleostei)|type D enteroendocrine cell|type EC enteroendocrine cell|type I enteroendocrine cell|type L enteroendocrine cell|type N enteroendocrine cell | T6: SOX10;PLP1;S100B;GFRA3;FABP7 | U6: 针灸作用相关;神经-免疫通讯;炎症 | V6: https://datasets.cellxgene.cziscience.com/47ae9727-f767-46b8-9d56-a25ddcd9ae94.h5ad | W6: https://cellxgene.cziscience.com/collections/e33ffcd3-7cbf-4b8c-b0f4-85587ad5019a | X6: 1
A7: 人 Human | B7: 肠神经/消化道 | C7: ascending colon | D7: Homo sapiens | E7: L2;L4 | F7: L2:Schwann cell | L4:Enteroendocrine cell of colon | H7: 3a844375-60ea-474b-adf1-98e76928baee | I7: CELLxGENE:05a8c945-bc12-414f-960d-a31943bbcdd1 | J7: Single-cell integration and multi-modal profiling reveals phenotypes and spatial organization of neutrophils in colorectal cancer | K7: 单细胞整合与多模态分析揭示结直肠癌中中性粒细胞的表型及空间组织 | L7: 2026 | M7: 10.1016/j.ccell.2025.12.003 | N7: ascending colon|blood|caecum|caecum epithelium|colon|colonic epithelium|colorectal mucosa|colorectum|descending colon|hepatic cecum|hepatic flexure of colon|left colon|liver|lymph node|mesenteric lymph node|mucosa of transverse colon|rectosigmoid junction|rectum|right colon|sigmoid colon|splenic flexure of colon|transverse colon | O7: colon adenocarcinoma|colon adenocarcinoma || mucinous adenocarcinoma|colon adenoma|colon adenoma || colorectal tubulovillous adenoma|colon adenoma || tubular adenoma|colon carcinoma|colon sessile serrated adenoma/polyp|colorectal adenocarcinoma|colorectal cancer|colorectal neoplasm|colorectal tubulovillous adenoma|hyperplastic polyp|metastasis from malignant tumor of colon|mucinous adenocarcinoma|normal|polyp of colon|rectum adenocarcinoma|tubular adenoma | P7: 10x 3' v1|10x 3' v2|10x 3' v3|10x 5' transcription profiling|10x 5' v1|10x 5' v2|BD Rhapsody Whole Transcriptome Analysis|Fluidigm C1-based SMARTer library preparation|GEXSCOPE technology|Smart-seq2|TruDrop | Q7: cell | R7: 3790266 | S7: Schwann cell|enteroendocrine cell of colon | T7: SOX10;MPZ;PLP1;MBP;PMP22 | U7: 神经-免疫通讯;外周神经再生 | V7: https://datasets.cellxgene.cziscience.com/4a8b9568-965e-46b8-a427-baab6bf018e5.h5ad | W7: https://cellxgene.cziscience.com/collections/3a844375-60ea-474b-adf1-98e76928baee | X7: 1
A8: 人 Human | B8: 肠神经/消化道 | C8: ascending colon | D8: Homo sapiens | E8: L4 | F8: L4:Enteroendocrine cell of colon/Enteroendocrine cell of small intestine | H8: 64b24fda-6591-4ce1-89e7-33eb6c43ad7b | I8: CELLxGENE:019c7af2-c827-4454-9970-44d5e39ce068 | J8: A proximal-to-distal survey of healthy adult human small intestine and colon epithelium by single-cell transcriptomics | K8: 通过单细胞转录组学对健康成人小肠和结肠上皮进行近端到远端的调查 | L8: 2023 | M8: 10.1016/j.jcmgh.2022.02.007 | N8: ascending colon|descending colon|duodenum|ileum|jejunum|transverse colon | O8: normal | P8: 10x 3' v3 | Q8: cell | R8: 12590 | S8: enteroendocrine cell of colon|enteroendocrine cell of small intestine | T8: CHGA;CHGB;NEUROD1;PAX6;GCG | U8: general peripheral neurobiology | V8: https://datasets.cellxgene.cziscience.com/487be01d-3df6-417f-83c5-ad2bff5c46e7.h5ad | W8: https://cellxgene.cziscience.com/collections/64b24fda-6591-4ce1-89e7-33eb6c43ad7b | X8: 1
A9: 人 Human | B9: 肠神经/消化道 | C9: ascending colon | D9: Homo sapiens | E9: L4 | F9: L4:Enteroendocrine cell | G9: 含泛glial(疑肠胶质,可能L2) | H9: 854c0855-23ad-4362-8b77-6b1639e7a9fc | I9: CELLxGENE:cbec7853-d996-4493-bbf8-5d82857a4e51 | J9: Automatic cell-type harmonization and integration across Human Cell Atlas datasets | K9: 人类细胞图谱数据集间细胞类型的自动协调与整合 | L9: 2024 | M9: 10.1016/j.cell.2023.11.026 | N9: ascending colon|caecum|caecum epithelium|caecum lamina propria|colonic epithelium|descending colon|duodenum|ileum|jejunum|lamina propria of mucosa of colon|large intestine|rectum|sigmoid colon|small intestine|transverse colon|transverse colon epithelium|transverse colon lamina propria|vermiform appendix | O9: normal | P9: 10x 3' v1|10x 3' v2|10x 3' v3|10x 5' v2 | Q9: cell | R9: 263275 | S9: enteroendocrine cell|glial cell | T9: SOX10;PLP1;S100B;GFRA3;FABP7 | U9: general peripheral neurobiology | V9: https://datasets.cellxgene.cziscience.com/0add1772-6d6e-43e1-8702-93fdf84e4dbc.h5ad | W9: https://cellxgene.cziscience.com/collections/854c0855-23ad-4362-8b77-6b1639e7a9fc | X9: 2
A10: 人 Human | B10: 肠神经/消化道 | C10: ascending colon | D10: Homo sapiens | E10: L4 | F10: L4:Intestinal enteroendocrine cell | H10: a48f5033-3438-4550-8574-cdff3263fdfd | I10: CELLxGENE:e40c6272-af77-4a10-9385-62a398884f27 | J10: HTAN VUMC - Differential pre-malignant programs and microenvironment chart distinct paths to malignancy in human colorectal polyps | K10: HTAN VUMC - 差异性的癌前程序与微环境描绘了人类结直肠息肉中通向恶性肿瘤的不同路径 | L10: 2022 | M10: 10.1016/j.cell.2021.11.031 | N10: ascending colon|descending colon|hepatic cecum|hepatic flexure of colon|rectum|sigmoid colon|transverse colon | O10: colon sessile serrated adenoma/polyp|colorectal neoplasm|hyperplastic polyp|normal|tubular adenoma|tubulovillous adenoma | P10: TruDrop | Q10: cell | R10: 65088 | S10: intestinal enteroendocrine cell | T10: CHGA;CHGB;NEUROD1;PAX6;GCG | U10: general peripheral neurobiology | V10: https://datasets.cellxgene.cziscience.com/9da034b0-de48-47ab-97f6-21b5f2dbd1a4.h5ad | W10: https://cellxgene.cziscience.com/collections/a48f5033-3438-4550-8574-cdff3263fdfd | X10: 2
A11: 人 Human | B11: 肠神经/消化道 | C11: blood | D11: Homo sapiens | E11: L4 | F11: L4:Enterochromaffin-like cell/Intestinal enteroendocrine cell | G11: 含泛glial(疑肠胶质,可能L2) | H11: 7f7fdf50-aa0e-4a6f-979c-53655cac9d5d | I11: CELLxGENE:0e5c75da-7bc9-4a2c-83fc-ef1e378bd5f9 | J11: IBDverse: Cell type-resolved genetic variation shapes inflammatory bowel disease risk | K11: IBDverse：细胞类型解析的遗传变异塑造炎症性肠病风险 | L11: 2026 | M11: 10.1038/s41586-026-10627-z | N11: blood|ileum|rectum | O11: Crohn disease|normal | P11: 10x 3' v3 | Q11: cell | R11: 1852681 | S11: enterochromaffin-like cell|glial cell|intestinal enteroendocrine cell | T11: SOX10;PLP1;S100B;GFRA3;FABP7 | U11: 神经-免疫通讯;炎症 | V11: https://datasets.cellxgene.cziscience.com/e3460364-c300-4616-9923-3a0224894998.h5ad | W11: https://cellxgene.cziscience.com/collections/7f7fdf50-aa0e-4a6f-979c-53655cac9d5d | X11: 1
A12: 人 Human | B12: 肠神经/消化道 | C12: body of stomach | D12: Homo sapiens | E12: L1;L4 | F12: L1:Peripheral nervous system neuron | L4:Enteroendocrine cell | G12: 含泛glial(疑肠胶质,可能L2) | H12: dfc09a93-bce0-4c77-893d-e153d1b7f9fa | I12: CELLxGENE:9968be68-ab65-4a38-9e1a-c9b6abece194 | J12: Charting human development using a multi-endodermal organ atlas and organoid models | K12: 利用多内胚层器官图谱与类器官模型描绘人类发育过程 | L12: 2023 | M12: 10.1016/j.cell.2021.04.028 | N12: body of stomach|colon|duodenum|epithelium of trachea|esophagus|ileum|jejunum|liver|lung|pyloric antrum|small intestine|stomach | O12: normal | P12: 10x 3' v2|10x 3' v3 | Q12: cell | R12: 155232 | S12: enteroendocrine cell|glial cell|peripheral nervous system neuron | T12: SOX10;PLP1;S100B;GFRA3;FABP7 | U12: general peripheral neurobiology | V12: https://datasets.cellxgene.cziscience.com/00b80c9b-8dbd-45c1-8347-51fbe8bd150e.h5ad | W12: https://cellxgene.cziscience.com/collections/dfc09a93-bce0-4c77-893d-e153d1b7f9fa | X12: 2
A13: 人 Human | B13: 肠神经/消化道 | C13: body of stomach | D13: Homo sapiens | E13: L4 | F13: L4:Enteroendocrine cell/Type G enteroendocrine cell | H13: a18474f4-ff1e-4864-af69-270b956cee5b | I13: CELLxGENE:7bb64315-9e5a-41b9-9235-59acf9642a3e | J13: Single-cell RNA sequencing unifies developmental programs of Esophageal and Gastric Intestinal Metaplasia | K13: 单细胞RNA测序统一食管与胃肠化生的发育程序 | L13: 2023 | M13: 10.1158/2159-8290.cd-22-0824 | N13: body of stomach|cardia of stomach|colon|duodenum|esophagogastric junction|ileum|lower esophagus|rectum|submucosal esophageal gland | O13: Barrett esophagus|gastric cancer|gastric intestinal metaplasia|gastritis|normal | P13: 10x 3' v2|10x 3' v3|10x 5' v1 | Q13: cell | R13: 293823 | S13: P/D1 enteroendocrine cell|enteroendocrine cell|type G enteroendocrine cell | T13: CHGA;CHGB;NEUROD1;PAX6;GCG | U13: 神经-免疫通讯 | V13: https://datasets.cellxgene.cziscience.com/3b5ba887-80df-43db-8486-3fc03027a15e.h5ad | W13: https://cellxgene.cziscience.com/collections/a18474f4-ff1e-4864-af69-270b956cee5b | X13: 3
A14: 人 Human | B14: 肠神经/消化道 | C14: caecum | D14: Homo sapiens | E14: L4 | F14: L4:Enteroendocrine cell of colon | H14: 1cbfb478-2c7f-4d15-b522-9f74e9fe52a8 | I14: CELLxGENE:829a3cd1-a466-49f1-b2e9-d3f6b7f392e2 | J14: Progressive plasticity during colorectal cancer metastasis | K14: 结直肠癌转移过程中的渐进式可塑性 | L14: 2025 | M14: 10.1038/s41586-024-08560-0 | N14: caecum|chest wall|descending colon|hepatic flexure of colon|liver|lung|peritoneum|rectum|sigmoid colon|transverse colon | O14: colorectal cancer|normal | P14: 10x 3' v3 | Q14: cell | R14: 47107 | S14: enteroendocrine cell of colon | T14: CHGA;CHGB;NEUROD1;PAX6;GCG | U14: 神经-免疫通讯 | V14: https://datasets.cellxgene.cziscience.com/81bd8922-b69a-45ea-9b2a-032c480c0e37.h5ad | W14: https://cellxgene.cziscience.com/collections/1cbfb478-2c7f-4d15-b522-9f74e9fe52a8 | X14: 3
A15: 人 Human | B15: 肠神经/消化道 | C15: caecum epithelium | D15: Homo sapiens | E15: L4 | F15: L4:Enteroendocrine cell | H15: 33d19f34-87f5-455b-8ca5-9023a2e5453d | I15: CELLxGENE:4dd00779-7f73-4f50-89bb-e2d3c6b71b18 | J15: Intra- and Inter-cellular Rewiring of the Human Colon during Ulcerative Colitis | K15: 溃疡性结肠炎期间人结肠的细胞内与细胞间重连 | L15: 2023 | M15: 10.1016/j.cell.2019.06.029 | N15: caecum epithelium|colonic epithelium|transverse colon epithelium | O15: normal | P15: 10x 3' v1|10x 3' v2 | Q15: cell | R15: 34772 | S15: enteroendocrine cell | T15: CHGA;CHGB;NEUROD1;PAX6;GCG | U15: 神经-免疫通讯;炎症;伤口修复 | V15: https://datasets.cellxgene.cziscience.com/774d77e7-210d-4237-8ca8-8d2bb841a2e4.h5ad | W15: https://cellxgene.cziscience.com/collections/33d19f34-87f5-455b-8ca5-9023a2e5453d | X15: 1
A16: 人 Human | B16: 肠神经/消化道 | C16: colon | D16: Homo sapiens | E16: L1;L4 | F16: L1:Enteric neuron | L4:Enteroendocrine cell | H16: 17481d16-ee44-49e5-bcf0-28c0780d8c4a | I16: CELLxGENE:b46237d1-19c6-4af2-9335-9854634bad16 | J16: Single-Cell Sequencing of Developing Human Gut Reveals Transcriptional Links to Childhood Crohn’s Disease | K16: 发育中人类肠道的单细胞测序揭示与儿童克罗恩病的转录关联 | L16: 2022 | M16: 10.1016/j.devcel.2020.11.010 | N16: colon|duodeno-jejunal junction|ileum | O16: normal | P16: 10x 3' v2 | Q16: cell | R16: 62849 | S16: enteric neuron|enteroendocrine cell | T16: CHGA;CHGB;NEUROD1;PAX6;GCG | U16: 神经-免疫通讯;炎症 | V16: https://datasets.cellxgene.cziscience.com/5cf26393-87e2-4946-8a97-2d42625856a3.h5ad | W16: https://cellxgene.cziscience.com/collections/17481d16-ee44-49e5-bcf0-28c0780d8c4a | X16: 2
A17: 人 Human | B17: 肠神经/消化道 | C17: colon | D17: Homo sapiens | E17: L1;L4 | F17: L1:Inhibitory motor neuron/Interneuron (ENS)/Motor neuron | L4:Neuroendocrine cell | G17: 含泛glial(疑肠胶质,可能L2) | H17: 60358420-6055-411d-ba4f-e8ac80682a2e | I17: CELLxGENE:bbd16004-09e8-4b6c-b465-73ff83a52837 | J17: Spatiotemporal analysis of human intestinal development at single-cell resolution | K17: 单细胞分辨率下人类肠道发育的时空分析 | L17: 2021 | M17: 10.1016/j.cell.2020.12.016 | N17: colon|hindgut|ileum | O17: normal | P17: 10x 3' v3 | Q17: cell | R17: 4144 | S17: glial cell|inhibitory motor neuron|interneuron|motor neuron|neuroendocrine cell | T17: SOX10;PLP1;S100B;GFRA3;FABP7 | U17: general peripheral neurobiology | V17: https://datasets.cellxgene.cziscience.com/a40d9047-5990-4aa1-aac8-2ff55649dab5.h5ad | W17: https://cellxgene.cziscience.com/collections/60358420-6055-411d-ba4f-e8ac80682a2e | X17: 2
A18: 人 Human | B18: 肠神经/消化道 | C18: colorectum | D18: Homo sapiens | E18: L2;L4 | F18: L2:Schwann cell | L4:Enteroendocrine cell | H18: 4d82bd8e-8827-410b-8fc7-685b7dd92585 | I18: CELLxGENE:16023185-de21-4c0d-a9c8-73abdd52d142 | J18: Spatially organized multicellular immune hubs in human colorectal cancer | K18: 人类结直肠癌中空间组织的多细胞免疫枢纽 | L18: 2025 | M18: 10.1016/j.cell.2021.08.003 | N18: colorectum | O18: colon adenocarcinoma|normal | P18: 10x 3' v2|10x 3' v3 | Q18: cell | R18: 370115 | S18: Schwann cell|enteroendocrine cell | T18: SOX10;MPZ;PLP1;MBP;PMP22 | U18: 神经-免疫通讯;外周神经再生 | V18: https://datasets.cellxgene.cziscience.com/3d1f3641-5755-47e2-b797-10317d33fe32.h5ad | W18: https://cellxgene.cziscience.com/collections/4d82bd8e-8827-410b-8fc7-685b7dd92585 | X18: 3
A19: 人 Human | B19: 肠神经/消化道 | C19: duodenum | D19: Homo sapiens | E19: L2;L4 | F19: L2:Enteroglial cell | L4:Enteroendocrine cell of small intestine | H19: e5f58829-1a66-40b5-a624-9046778e74f5 | I19: CELLxGENE:a357414d-2042-4eb5-95f0-c58604a18bdd | J19: Tabula Sapiens | K19: Tabula Sapiens | L19: 2021 | M19: 10.1126/science.abl4896 | N19: duodenum|ileum|jejunum|small intestine | O19: normal | P19: 10x 3' v3|Smart-seq2 | Q19: cell | R19: 42036 | S19: enteroendocrine cell of small intestine|enteroglial cell | T19: SOX10;PLP1;S100B;GFRA3;FABP7 | U19: general peripheral neurobiology | V19: https://datasets.cellxgene.cziscience.com/6db4dfe6-d421-4287-a9dc-22eaa59be966.h5ad | W19: https://cellxgene.cziscience.com/collections/e5f58829-1a66-40b5-a624-9046778e74f5 | X19: 5
A20: 人 Human | B20: 肠神经/消化道 | C20: epithelium of small intestine | D20: Homo sapiens | E20: L4 | F20: L4:Type EC enteroendocrine cell/Type L enteroendocrine cell | H20: 5c868b6f-62c5-4532-9d7f-a346ad4b50a7 | I20: CELLxGENE:fe4b89d5-461e-440c-a5a8-621b37b122c0 | J20: The landscape of immune dysregulation in Crohn’s disease revealed through single-cell transcriptomic profiling in the ileum and colon | K20: 单细胞转录组谱分析揭示克罗恩病回肠与结肠免疫失调的全景 | L20: 2023 | M20: 10.1016/j.immuni.2023.01.002 | N20: epithelium of small intestine|ileal epithelium|ileum|ileum lamina propria|lamina propria of small intestine|small intestine | O20: Crohn disease|normal | P20: 10x 3' v2|10x 3' v3 | Q20: cell | R20: 154136 | S20: type EC enteroendocrine cell|type L enteroendocrine cell | T20: CHGA;CHGB;NEUROD1;PAX6;GCG | U20: 神经-免疫通讯;炎症 | V20: https://datasets.cellxgene.cziscience.com/6a6b7339-106f-420b-95ae-c8d2d91f9945.h5ad | W20: https://cellxgene.cziscience.com/collections/5c868b6f-62c5-4532-9d7f-a346ad4b50a7 | X20: 4
A21: 人 Human | B21: 肠神经/消化道 | C21: ileum | D21: Homo sapiens | E21: L4 | F21: L4:Enteroendocrine cell of colon | H21: ff668d5d-5b3f-49ee-a007-ff0664bf35ec | I21: CELLxGENE:248cf7bf-508b-4c28-a2fd-cabe2ab956aa | J21: Single-cell transcriptome analysis reveals differential nutrient absorption functions in human intestine | K21: 单细胞转录组分析揭示人肠道中差异性的营养吸收功能 | L21: 2022 | M21: 10.1084/jem.20191130 | N21: ileum | O21: normal | P21: 10x 3' v2 | Q21: cell | R21: 5980 | S21: enteroendocrine cell of colon | T21: CHGA;CHGB;NEUROD1;PAX6;GCG | U21: general peripheral neurobiology | V21: https://datasets.cellxgene.cziscience.com/685f053a-2204-489a-b166-1d0190406be6.h5ad | W21: https://cellxgene.cziscience.com/collections/ff668d5d-5b3f-49ee-a007-ff0664bf35ec | X21: 3
A22: 人 Human | B22: 肠神经/消化道 | C22: ileum | D22: Homo sapiens | E22: L4 | F22: L4:Enteroendocrine cell of small intestine | G22: 含泛glial(疑肠胶质,可能L2) | H22: 2b02dff7-e427-4cdc-96fb-c0f354c099aa | I22: CELLxGENE:36c867a7-be10-4e69-9b39-5de12b0af6da | J22: Single-Cell Analysis of Crohn’s Disease Lesions Identifies a Pathogenic Cellular Module Associated with Resistance to Anti-TNF Therapy | K22: 克罗恩病病灶的单细胞分析识别出与抗TNF治疗耐药相关的致病性细胞模块 | L22: 2022 | M22: 10.1016/j.cell.2019.08.008 | N22: ileum | O22: normal | P22: 10x 3' v1|10x 3' v2 | Q22: cell | R22: 32458 | S22: enteroendocrine cell of small intestine|glial cell | T22: SOX10;PLP1;S100B;GFRA3;FABP7 | U22: 神经-免疫通讯;炎症 | V22: https://datasets.cellxgene.cziscience.com/aa44120b-7b9f-4584-a8a2-0f3aceafc87c.h5ad | W22: https://cellxgene.cziscience.com/collections/2b02dff7-e427-4cdc-96fb-c0f354c099aa | X22: 1
A23: 人 Human | B23: 肠神经/消化道 | C23: intestinal mucosa | D23: Homo sapiens | E23: L4 | F23: L4:Enteroendocrine cell | G23: 含泛neuron(肠,待裁定) | H23: f30e0bf7-7b03-44b0-b312-cda799ef0240 | I23: CELLxGENE:51d9716c-50bb-4fd8-8d1e-7d9329969cb7 | J23: iPSC-derived small intestine-on-chip with self-organizing epithelial, mesenchymal and neural cells | K23: iPSC衍生的小肠芯片模型：具有自组织上皮、间充质及神经细胞 | L23: 2024 | M23: 10.1016/j.celrep.2024.114247 | N23: intestinal mucosa | O23: normal | P23: 10x 3' v3 | Q23: cell | R23: 11177 | S23: enteroendocrine cell|neuron | T23: CHGA;CHGB;NEUROD1;PAX6;GCG | U23: general peripheral neurobiology | V23: https://datasets.cellxgene.cziscience.com/c4bfcccf-6009-4590-a06d-c1443372c6c7.h5ad | W23: https://cellxgene.cziscience.com/collections/f30e0bf7-7b03-44b0-b312-cda799ef0240 | X23: 2
A24: 人 Human | B24: 肠神经/消化道 | C24: lamina propria of small intestine | D24: Homo sapiens | E24: L4 | F24: L4:Enteroendocrine cell | G24: 含泛glial(疑肠胶质,可能L2) | H24: a064d795-3b77-44ae-9fb5-beb57c567443 | I24: CELLxGENE:6ceeaa86-9ceb-4582-b390-6d4dd6ff0572 | J24: Pediatric FGID lamina propria of ileum biopsies. | K24: 儿童FGID回肠固有层活检 | L24: 2023 | M24: 10.1101/2021.09.17.21263540 | N24: lamina propria of small intestine | O24: digestive system disorder | P24: 10x 3' v2 | Q24: cell | R24: 89849 | S24: enteroendocrine cell|glial cell | T24: SOX10;PLP1;S100B;GFRA3;FABP7 | U24: general peripheral neurobiology | V24: https://datasets.cellxgene.cziscience.com/8cf9e6a2-5cd6-4d8e-95bd-b8c54d05e3f1.h5ad | W24: https://cellxgene.cziscience.com/collections/a064d795-3b77-44ae-9fb5-beb57c567443 | X24: 1
A25: 人 Human | B25: 肠神经/消化道 | C25: right colon | D25: Homo sapiens | E25: L1 | F25: L1:Neuronal receptor cell | H25: 3b8b7fec-ed65-4483-9579-9f98f5a93a74 | I25: CELLxGENE:5d4415d1-cfcd-4b43-b2b2-138b5afd68af | J25: Epithelium-enriched single cell transcriptomes from the ascending colon of pediatric and adult control subjects | K25: 儿童和成人对照升结肠上皮富集的单细胞转录组 | L25: 2026 | M25: 10.1016/j.jcmgh.2025.101665 | N25: right colon | O25: normal | P25: 10x 3' v3 | Q25: cell | R25: 35957 | S25: neuronal receptor cell | T25: RBFOX3;TUBB3;SNAP25;PRPH;PHOX2B | U25: general peripheral neurobiology | V25: https://datasets.cellxgene.cziscience.com/45566c3d-0484-4b2b-858b-8aea1783f21f.h5ad | W25: https://cellxgene.cziscience.com/collections/3b8b7fec-ed65-4483-9579-9f98f5a93a74 | X25: 2
A26: 人 Human | B26: 肠神经/消化道 | C26: small intestine | D26: Homo sapiens | E26: L4 | F26: L4:Enteroendocrine cell | G26: 含泛neuron(肠,待裁定) | H26: 7651ac1a-f947-463a-9223-a9e408a41989 | I26: CELLxGENE:3f32121d-126b-4e8d-9f69-d86502d2a1b1 | J26: Insulin is expressed by enteroendocrine cells during human fetal development | K26: 人胎儿发育期间肠内分泌细胞表达胰岛素 | L26: 2023 | M26: 10.1038/s41591-021-01586-1 | N26: small intestine | O26: normal | P26: 10x 3' v2|10x 3' v3 | Q26: cell | R26: 36359 | S26: enteroendocrine cell|neuron | T26: CHGA;CHGB;NEUROD1;PAX6;GCG | U26: general peripheral neurobiology | V26: https://datasets.cellxgene.cziscience.com/fe96972c-7199-4146-9e03-af518d8916cc.h5ad | W26: https://cellxgene.cziscience.com/collections/7651ac1a-f947-463a-9223-a9e408a41989 | X26: 1
A27: 人 Human | B27: 皮肤 | C27: arm skin | D27: Homo sapiens | E27: L2 | F27: L2:Schwann cell | H27: 34f12de7-c5e5-4813-a136-832677f98ac8 | I27: CELLxGENE:e7c5ba7e-4be0-4696-af50-a07d0dc7aac5 | J27: Multi-scale spatial mapping of cell populations across anatomical sites in healthy human skin and basal cell carcinoma | K27: 健康人皮肤和基底细胞癌中跨解剖部位细胞群体的多尺度空间图谱 | L27: 2024 | M27: 10.1073/pnas.2313326120 | N27: arm skin|nose skin|skin of abdomen|skin of cheek|skin of external ear|skin of forehead|skin of temple | O27: basal cell carcinoma|normal | P27: 10x 3' v1|10x 3' v2|10x 3' v3 | Q27: cell | R27: 152189 | S27: Schwann cell | T27: SOX10;MPZ;PLP1;MBP;PMP22 | U27: 外周神经再生 | V27: https://datasets.cellxgene.cziscience.com/82515193-f68f-49f1-923e-d10a2b798b42.h5ad | W27: https://cellxgene.cziscience.com/collections/34f12de7-c5e5-4813-a136-832677f98ac8 | X27: 1
A28: 人 Human | B28: 皮肤 | C28: dermis | D28: Homo sapiens | E28: L2 | F28: L2:Schwann cell | H28: 73f82ac8-15cc-4fcd-87f8-5683723fce7f | I28: CELLxGENE:f0f0d7c4-3bec-428e-9539-c99d36548d96 | J28: Developmental cell programs are co-opted in inflammatory skin disease | K28: 炎症性皮肤病中发育细胞程序被共选利用 | L28: 2024 | M28: 10.1126/science.aba6500 | N28: dermis|skin epidermis | O28: normal | P28: 10x 3' v2 | Q28: cell | R28: 195739 | S28: Schwann cell | T28: SOX10;MPZ;PLP1;MBP;PMP22 | U28: 神经-免疫通讯;外周神经再生;炎症 | V28: https://datasets.cellxgene.cziscience.com/f8b5c4f4-7ece-4314-9f49-fc254bbd5c71.h5ad | W28: https://cellxgene.cziscience.com/collections/73f82ac8-15cc-4fcd-87f8-5683723fce7f | X28: 1
A29: 人 Human | B29: 皮肤 | C29: skin of body | D29: Homo sapiens | E29: L2 | F29: L2:Schwann cell | H29: 5e143645-177c-45b6-952d-48770e29a54b | I29: CELLxGENE:b0ef440b-e303-4ad2-ada8-ce13336280ba | J29: Multi-modal skin atlas identifies a multicellular immune-stromal community associated with altered cornification and specific T cell expansion in atopic dermatitis | K29: 多模态皮肤图谱识别出与特应性皮炎中角质化改变及特定T细胞扩增相关的多细胞免疫-基质群落 | L29: 2026 | M29: 10.1038/s41467-026-69587-7 | N29: skin of body | O29: atopic eczema|normal | P29: 10x 3' v2|10x 3' v3 | Q29: cell | R29: 280518 | S29: Schwann cell | T29: SOX10;MPZ;PLP1;MBP;PMP22 | U29: 神经-免疫通讯;外周神经再生 | V29: https://datasets.cellxgene.cziscience.com/e046218f-6a66-46f9-a91c-7f26b4ee00c2.h5ad | W29: https://cellxgene.cziscience.com/collections/5e143645-177c-45b6-952d-48770e29a54b | X29: 1
A30: 人 Human | B30: 皮肤 | C30: subcutaneous abdominal adipose tissue | D30: Homo sapiens | E30: L2 | F30: L2:Schwann cell | H30: 6b701826-37bb-4356-9792-ff41fc4c3161 | I30: CELLxGENE:9d8e5dca-03a3-457d-b7fb-844c75735c83 | J30: Single-Nucleus Analysis of Human White Adipose Tissue Reveals Adipocyte Subsets with Distinct Metabolic Profiles | K30: 人白色脂肪组织单细胞核分析揭示具有不同代谢特征的脂肪细胞亚群 | L30: 2023 | M30: 10.1101/2025.09.14.673351 | N30: subcutaneous abdominal adipose tissue|visceral abdominal adipose tissue | O30: normal | P30: 10x 3' v3 | Q30: nucleus | R30: 72335 | S30: Schwann cell|neuron associated cell | T30: SOX10;MPZ;PLP1;MBP;PMP22 | U30: 外周神经再生 | V30: https://datasets.cellxgene.cziscience.com/3d0f967f-ad82-4470-a46d-6d156ad13e42.h5ad | W30: https://cellxgene.cziscience.com/collections/6b701826-37bb-4356-9792-ff41fc4c3161 | X30: 1
A31: 人 Human | B31: 心血管 | C31: apex of heart | D31: Homo sapiens | E31: L1 | F31: L1:Cardiac neuron | H31: 20eea6c8-9d64-42c9-9b6f-c11b5249e0e9 | I31: CELLxGENE:2e9d2f32-4cfb-49b5-b990-cbf4c241214e | J31: Single-cell genomics improves the discovery of risk variants and genes of atrial fibrillation | K31: 单细胞基因组学改进心房颤动风险变异和基因的发现 | L31: 2024 | M31: 10.1038/s41467-023-40505-5 | N31: apex of heart|heart left ventricle|heart right ventricle|interventricular septum | O31: normal | P31: 10x 3' v3 | Q31: nucleus | R31: 49359 | S31: cardiac neuron | T31: RBFOX3;TUBB3;SNAP25;PRPH;PHOX2B | U31: general peripheral neurobiology | V31: https://datasets.cellxgene.cziscience.com/f35a8c3f-b3a0-4373-a4cd-c937db7f7ec2.h5ad | W31: https://cellxgene.cziscience.com/collections/20eea6c8-9d64-42c9-9b6f-c11b5249e0e9 | X31: 1
A32: 人 Human | B32: 心血管 | C32: apex of heart | D32: Homo sapiens | E32: L1 | F32: L1:Cardiac neuron | H32: e75342a8-0f3b-4ec5-8ee1-245a23e0f7cb | I32: CELLxGENE:65badd7a-9262-4fd1-9ce2-eb5dc0ca8039 | J32: Pathogenic variants damage cell composition and single cell transcription in cardiomyopathies | K32: 致病性变异损害心肌病中的细胞组成与单细胞转录 | L32: 2022 | M32: 10.1126/science.abo1984 | N32: apex of heart|heart left ventricle|heart right ventricle|interventricular septum | O32: arrhythmogenic right ventricular cardiomyopathy|dilated cardiomyopathy|non-compaction cardiomyopathy|normal | P32: 10x 3' v2|10x 3' v3 | Q32: nucleus | R32: 881081 | S32: cardiac neuron | T32: RBFOX3;TUBB3;SNAP25;PRPH;PHOX2B | U32: general peripheral neurobiology | V32: https://datasets.cellxgene.cziscience.com/6d0b8b8a-2b22-4578-b8ee-8ca4ab893594.h5ad | W32: https://cellxgene.cziscience.com/collections/e75342a8-0f3b-4ec5-8ee1-245a23e0f7cb | X32: 2
A33: 人 Human | B33: 心血管 | C33: apex of heart | D33: Homo sapiens | E33: L1 | F33: L1:Cardiac neuron | H33: 328d71f0-0ed7-4518-966f-be6bd0797324 | I33: CELLxGENE:fe7aae33-6f7c-41a5-8d29-9996a9ddf1ab | J33: The cellular and molecular cardiac tissue responses in human inflammatory cardiomyopathies after SARS-CoV-2 infection and COVID-19 vaccination | K33: SARS-CoV-2感染和COVID-19疫苗接种后人炎症性心肌病的心脏细胞与分子组织反应 | L33: 2025 | M33: 10.1038/s44161-025-00612-6 | N33: apex of heart|heart left ventricle | O33: myocarditis|normal | P33: 10x 3' v2|10x 3' v3 | Q33: nucleus | R33: 205596 | S33: cardiac neuron | T33: RBFOX3;TUBB3;SNAP25;PRPH;PHOX2B | U33: 神经-免疫通讯;炎症 | V33: https://datasets.cellxgene.cziscience.com/5ca4319d-488f-444d-b383-e909fe0783d4.h5ad | W33: https://cellxgene.cziscience.com/collections/328d71f0-0ed7-4518-966f-be6bd0797324 | X33: 1
A34: 人 Human | B34: 心血管 | C34: apex of heart | D34: Homo sapiens | E34: 待定(泛神经) | F34: — | G34: 含泛neuron(器官图谱→疑中枢/噪声,待裁定) | H34: 43b45a20-a969-49ac-a8e8-8c84b211bd01 | I34: CELLxGENE:5500c673-1610-40a0-86d9-64d987ae50e6 | J34: Integrated adult and foetal heart single-cell RNA sequencing | K34: 整合成人与胎儿心脏单细胞RNA测序 | L34: 2023 | M34: 10.1038/s44161-022-00183-w | N34: apex of heart|basal zone of heart|heart left ventricle|heart right ventricle|interventricular septum|left cardiac atrium|right cardiac atrium | O34: normal | P34: 10x 3' v2|10x 3' v3 | Q34: cell|nucleus | R34: 60668 | S34: neuron | T34: RBFOX3;TUBB3;SNAP25;PRPH;PHOX2B | U34: general peripheral neurobiology | V34: https://datasets.cellxgene.cziscience.com/85f6cdae-10c2-4c97-8a95-cf03f87ecd2e.h5ad | W34: https://cellxgene.cziscience.com/collections/43b45a20-a969-49ac-a8e8-8c84b211bd01 | X34: 1
A35: 人 Human | B35: 心血管 | C35: apical region of left ventricle | D35: Homo sapiens | E35: 待定(泛神经) | F35: — | G35: 含泛neuron(器官图谱→疑中枢/噪声,待裁定) | H35: 68e7e5b7-4dc9-4609-832e-7656aa6182ba | I35: CELLxGENE:99e317c0-1fab-4f73-b511-859e752fd1c3 | J35: Sex-Specific Control of Human Heart Maturation by the Progesterone Receptor | K35: 孕激素受体对人类心脏成熟的性别特异性调控 | L35: 2024 | M35: 10.1161/CIRCULATIONAHA.120.051921 | N35: apical region of left ventricle | O35: normal | P35: 10x 3' v3 | Q35: nucleus | R35: 51176 | S35: neuron | T35: RBFOX3;TUBB3;SNAP25;PRPH;PHOX2B | U35: general peripheral neurobiology | V35: https://datasets.cellxgene.cziscience.com/59c9aa5c-ee73-4252-b149-5cb011f924b1.h5ad | W35: https://cellxgene.cziscience.com/collections/68e7e5b7-4dc9-4609-832e-7656aa6182ba | X35: 1
A36: 人 Human | B36: 心血管 | C36: heart | D36: Homo sapiens | E36: 待定(泛神经) | F36: — | G36: 含泛neuron(器官图谱→疑中枢/噪声,待裁定) | H36: 9c9ce98a-6b02-4262-9407-1ebb2de31f63 | I36: CELLxGENE:9928ad5f-6afd-4fb0-89b0-6690e2a2ce25 | J36: Integrated multi-omic characterization of congenital heart disease | K36: 先天性心脏病的整合多组学特征分析 | L36: 2026 | M36: 10.1038/s41586-022-04989-3 | N36: heart | O36: congenital heart disease|dilated cardiomyopathy|hypertrophic cardiomyopathy|hypoplastic left heart syndrome|tetralogy of fallot | P36: 10x 3' v3 | Q36: nucleus | R36: 157293 | S36: neuron | T36: RBFOX3;TUBB3;SNAP25;PRPH;PHOX2B | U36: general peripheral neurobiology | V36: https://datasets.cellxgene.cziscience.com/beb6ae0c-c47b-4a8d-9f8d-39a43f5853bd.h5ad | W36: https://cellxgene.cziscience.com/collections/9c9ce98a-6b02-4262-9407-1ebb2de31f63 | X36: 1
A37: 人 Human | B37: 心血管 | C37: heart left ventricle | D37: Homo sapiens | E37: L1 | F37: L1:Neuronal receptor cell | H37: 8191c283-0816-424b-9b61-c3e1d6258a77 | I37: CELLxGENE:1c739a3e-c3f5-49d5-98e0-73975e751201 | J37: Spatial multi-omic map of human myocardial infarction | K37: 人类心肌梗死的空间多组学图谱 | L37: 2022 | M37: 10.1038/s41586-022-05060-x | N37: heart left ventricle | O37: myocardial infarction|normal | P37: 10x 3' v3 | Q37: nucleus | R37: 191795 | S37: neuronal receptor cell | T37: RBFOX3;TUBB3;SNAP25;PRPH;PHOX2B | U37: 针灸作用相关 | V37: https://datasets.cellxgene.cziscience.com/4780eb7d-4c7c-4630-8705-471f0de8e27a.h5ad | W37: https://cellxgene.cziscience.com/collections/8191c283-0816-424b-9b61-c3e1d6258a77 | X37: 3
A38: 人 Human | B38: 心血管 | C38: right atrium auricular region | D38: Homo sapiens | E38: L2 | F38: L2:Schwann cell | G38: 含泛neuron(器官图谱→疑中枢/噪声,待裁定) | H38: 8c782494-01ed-491b-97b9-6f0d3b76c676 | I38: CELLxGENE:8f4f8502-9170-4ac2-9707-3b6985ebfe5f | J38: Transcriptomic and spatial dissection of human ex vivo right atrial tissue reveals proinflammatory microvascular changes in ischemic heart disease | K38: 人类离体右心房组织的转录组与空间解析揭示缺血性心脏病中的促炎性微血管变化 | L38: 2024 | M38: 10.1016/j.xcrm.2024.101556 | N38: right atrium auricular region | O38: heart failure|heart valve disorder|myocardial ischemia|normal | P38: 10x 3' v3 | Q38: nucleus | R38: 221756 | S38: Schwann cell|neuron | T38: SOX10;MPZ;PLP1;MBP;PMP22 | U38: 针灸作用相关;神经-免疫通讯;外周神经再生;炎症 | V38: https://datasets.cellxgene.cziscience.com/86094298-00c2-4d09-b11d-342c5aa1f951.h5ad | W38: https://cellxgene.cziscience.com/collections/8c782494-01ed-491b-97b9-6f0d3b76c676 | X38: 2
A39: 人 Human | B39: 呼吸系统 | C39: blood | D39: Homo sapiens | E39: L4 | F39: L4:Pulmonary neuroendocrine cell | H39: 5d445965-6f1a-4b68-ba3a-b8f765155d3a | I39: CELLxGENE:8c42cfd0-0b0a-46d5-910c-fc833d83c45e | J39: A molecular cell atlas of the human lung from single cell RNA sequencing | K39: 单细胞RNA测序揭示的人类肺分子细胞图谱 | L39: 2020 | M39: 10.1038/s41586-020-2922-4 | N39: blood|lung | O39: normal | P39: 10x 3' v2 | Q39: cell | R39: 65662 | S39: pulmonary neuroendocrine cell | T39: CHGA;CHGB;ASCL1;SYP;NCAM1 | U39: general peripheral neurobiology | V39: https://datasets.cellxgene.cziscience.com/f5568ea3-c249-4e4e-91f8-46abc30a5612.h5ad | W39: https://cellxgene.cziscience.com/collections/5d445965-6f1a-4b68-ba3a-b8f765155d3a | X39: 2
A40: 人 Human | B40: 呼吸系统 | C40: bronchus | D40: Homo sapiens | E40: L2;L4 | F40: L2:Myelinating Schwann cell/Non-myelinating Schwann cell | L4:Neuroendocrine cell | H40: c1241244-b22d-483d-875b-75699efb9f3c | I40: CELLxGENE:093d3bfe-6f0f-4ac0-a7a1-829f94d0a49f | J40: A spatially resolved atlas of the human lung characterizes a gland-associated immune niche | K40: 人类肺部的空间分辨图谱刻画了一个腺体相关的免疫微环境 | L40: 2024 | M40: 10.1038/s41588-022-01243-4 | N40: bronchus|lower lobe of left lung|lung|trachea|upper lobe of left lung | O40: normal | P40: 10x 3' v2|10x 3' v3|10x 5' transcription profiling | Q40: cell|nucleus | R40: 193108 | S40: myelinating Schwann cell|neuroendocrine cell|non-myelinating Schwann cell | T40: SOX10;MPZ;PLP1;MBP;PMP22 | U40: 神经-免疫通讯;外周神经再生 | V40: https://datasets.cellxgene.cziscience.com/dea9f35e-1be6-4240-919d-7eb2f471cbe9.h5ad | W40: https://cellxgene.cziscience.com/collections/c1241244-b22d-483d-875b-75699efb9f3c | X40: 3
A41: 人 Human | B41: 呼吸系统 | C41: bronchus | D41: Homo sapiens | E41: L2;L4 | F41: L2:Schwann cell | L4:Pulmonary neuroendocrine cell | H41: 4f30b962-d49b-4624-a233-64f048cf8632 | I41: CELLxGENE:b61a921b-7fa3-4b42-b455-aaaf32447920 | J41: A Unique Cellular Organization of Human Distal Airways and Its Disarray in Chronic Obstructive Pulmonary Disease | K41: 人类远端气道的独特细胞组织及其在慢性阻塞性肺疾病中的紊乱 | L41: 2025 | M41: 10.1164/rccm.202207-1384OC | N41: bronchus|segmental bronchus|terminal bronchus | O41: chronic obstructive pulmonary disease|normal | P41: 10x 3' v2|10x 3' v3 | Q41: cell | R41: 115788 | S41: Schwann cell|pulmonary neuroendocrine cell | T41: SOX10;MPZ;PLP1;MBP;PMP22 | U41: 外周神经再生 | V41: https://datasets.cellxgene.cziscience.com/a8e4f394-d141-4755-9a35-790c734d1dab.h5ad | W41: https://cellxgene.cziscience.com/collections/4f30b962-d49b-4624-a233-64f048cf8632 | X41: 1
A42: 人 Human | B42: 呼吸系统 | C42: bronchus | D42: Homo sapiens | E42: L4 | F42: L4:Neuroendocrine cell | H42: 03f821b4-87be-4ff4-b65a-b5fc00061da7 | I42: CELLxGENE:edc8d3fe-153c-4e3d-8be0-2108d30f8d70 | J42: Local and systemic responses to SARS-CoV-2 infection in children and adults | K42: 儿童和成人对SARS-CoV-2感染的局部及全身反应 | L42: 2022 | M42: 10.1038/s41586-021-04345-x | N42: bronchus|nasal cavity|trachea | O42: COVID-19|normal | P42: 10x 5' v1|10x 5' v2 | Q42: cell | R42: 236977 | S42: neuroendocrine cell | T42: CHGA;CHGB;ASCL1;SYP;NCAM1 | U42: 神经-免疫通讯;炎症 | V42: https://datasets.cellxgene.cziscience.com/f9efb73e-f116-46b5-a775-d4233e758024.h5ad | W42: https://cellxgene.cziscience.com/collections/03f821b4-87be-4ff4-b65a-b5fc00061da7 | X42: 1
A43: 人 Human | B43: 呼吸系统 | C43: carina of trachea | D43: Homo sapiens | E43: L4 | F43: L4:Pulmonary neuroendocrine cell | H43: 54004c5c-af08-4693-a606-73871b6ef989 | I43: CELLxGENE:1ab4ebbc-18d6-4838-89c2-cdc5b10accfb | J43: Cystic Fibrosis and healthy control biopsy | K43: 囊性纤维化与健康对照活检 | L43: 2025 | M43: 10.1016/j.jcf.2025.01.016 | N43: carina of trachea|respiratory tube | O43: cystic fibrosis|normal | P43: 10x 3' v2|10x 3' v3 | Q43: cell | R43: 96479 | S43: pulmonary neuroendocrine cell | T43: CHGA;CHGB;ASCL1;SYP;NCAM1 | U43: 纤维化 | V43: https://datasets.cellxgene.cziscience.com/08530c67-a192-4d76-bfe5-b7834e8da231.h5ad | W43: https://cellxgene.cziscience.com/collections/54004c5c-af08-4693-a606-73871b6ef989 | X43: 1
A44: 人 Human | B44: 呼吸系统 | C44: lung | D44: Homo sapiens | E44: L2;L4 | F44: L2:Schwann cell/Schwann cell precursor/Immature Schwann cell | L4:Pulmonary neuroendocrine cell | G44: 含泛neuron(器官图谱→疑中枢/噪声,待裁定) | H44: 2d2e2acd-dade-489f-a2da-6c11aa654028 | I44: CELLxGENE:3dc61ca1-ce40-46b6-8337-f27260fd9a03 | J44: A human fetal lung cell atlas uncovers proximal-distal gradients of differentiation and key regulators of epithelial fates | K44: 人类胎儿肺细胞图谱揭示分化的近端-远端梯度及上皮命运的关键调控因子 | L44: 2022 | M44: 10.1016/j.cell.2022.11.005 | N44: lung | O44: normal | P44: 10x 5' v1 | Q44: cell | R44: 71752 | S44: Schwann cell|Schwann cell precursor|immature Schwann cell|neuron|pulmonary neuroendocrine cell | T44: SOX10;MPZ;PLP1;MBP;PMP22 | U44: 外周神经再生 | V44: https://datasets.cellxgene.cziscience.com/c961f0d3-15cd-481a-b167-d356ccf6659a.h5ad | W44: https://cellxgene.cziscience.com/collections/2d2e2acd-dade-489f-a2da-6c11aa654028 | X44: 4
A45: 人 Human | B45: 呼吸系统 | C45: lung | D45: Homo sapiens | E45: L4 | F45: L4:Neuroendocrine cell | H45: e276e3e2-197a-4524-abd1-a753a48dc33a | I45: CELLxGENE:10c0c666-bd99-4a5c-b697-f1be835f5427 | J45: Human Lung Allografts Experience Persistent Fibrogenic Shift Following Acute Cellular Rejection | K45: 人肺同种异体移植物在急性细胞排斥后经历持续性纤维化转变 | L45: 2026 | M45: 10.1016/j.healun.2026.02.1666 | N45: lung | O45: acute graft versus host disease|normal | P45: 10x 3' v3|10x 5' v1|10x 5' v2 | Q45: cell | R45: 56676 | S45: neuroendocrine cell | T45: CHGA;CHGB;ASCL1;SYP;NCAM1 | U45: general peripheral neurobiology | V45: https://datasets.cellxgene.cziscience.com/af6e81be-e65c-4821-987e-e0eb6c8acd59.h5ad | W45: https://cellxgene.cziscience.com/collections/e276e3e2-197a-4524-abd1-a753a48dc33a | X45: 1
A46: 人 Human | B46: 呼吸系统 | C46: lung | D46: Homo sapiens | E46: L4 | F46: L4:Pulmonary neuroendocrine cell | H46: 625f6bf4-2f33-4942-962e-35243d284837 | I46: CELLxGENE:3de0ad6d-4378-4f62-b37b-ec0b75a50d94 | J46: LungMAP — Human data from a broad age healthy donor group | K46: LungMAP — 来自广泛年龄健康捐赠者群体的人类数据 | L46: 2021 | M46: 10.7554/eLife.62522 | N46: lung | O46: normal | P46: 10x 3' v3 | Q46: nucleus | R46: 46500 | S46: pulmonary neuroendocrine cell | T46: CHGA;CHGB;ASCL1;SYP;NCAM1 | U46: general peripheral neurobiology | V46: https://datasets.cellxgene.cziscience.com/92167705-4b81-4c4b-a0b5-abe08910415e.h5ad | W46: https://cellxgene.cziscience.com/collections/625f6bf4-2f33-4942-962e-35243d284837 | X46: 1
A47: 人 Human | B47: 呼吸系统 | C47: lung | D47: Homo sapiens | E47: L4 | F47: L4:Pulmonary neuroendocrine cell | H47: 92db8a7e-8761-4317-873f-15606c016ce5 | I47: CELLxGENE:781cc817-3fd0-487c-a55a-b47b2786a05d | J47: A novel human fetal lung-derived alveolar organoid model reveals mechanisms of surfactant protein C maturation relevant to interstitial lung disease | K47: 一种新型人胎肺来源肺泡类器官模型揭示与间质性肺病相关的表面活性蛋白C成熟机制 | L47: 2025 | M47: 10.1038/s44318-024-00328-6 | N47: lung | O47: normal | P47: 10x 5' v1 | Q47: cell | R47: 9619 | S47: pulmonary neuroendocrine cell | T47: CHGA;CHGB;ASCL1;SYP;NCAM1 | U47: general peripheral neurobiology | V47: https://datasets.cellxgene.cziscience.com/89a17e6a-bbb0-4a9a-b2b4-3bafd89277a8.h5ad | W47: https://cellxgene.cziscience.com/collections/92db8a7e-8761-4317-873f-15606c016ce5 | X47: 1
A48: 人 Human | B48: 呼吸系统 | C48: lung | D48: Homo sapiens | E48: L4 | F48: L4:Pulmonary neuroendocrine cell | H48: ec329aed-22bc-4d6e-8935-8282dcb1acac | I48: CELLxGENE:8dc858b0-b076-4326-94bb-7c2d1cd721a3 | J48: Early human lung immune cell development and its role in epithelial cell fate | K48: 早期人类肺免疫细胞发育及其在上皮细胞命运中的作用 | L48: 2024 | M48: 10.1126/sciimmunol.adf9988 | N48: lung | O48: normal | P48: 10x 5' transcription profiling | Q48: cell | R48: 8556 | S48: pulmonary neuroendocrine cell | T48: CHGA;CHGB;ASCL1;SYP;NCAM1 | U48: 神经-免疫通讯 | V48: https://datasets.cellxgene.cziscience.com/2ebaaba9-0401-46a8-a242-f44f333ddb0d.h5ad | W48: https://cellxgene.cziscience.com/collections/ec329aed-22bc-4d6e-8935-8282dcb1acac | X48: 1
A49: 人 Human | B49: 呼吸系统 | C49: lung | D49: Homo sapiens | E49: L4 | F49: L4:Pulmonary neuroendocrine cell | H49: 6f6d381a-7701-4781-935c-db10d30de293 | I49: CELLxGENE:9f222629-9e39-47d0-b83f-e08d610c7479 | J49: The integrated Human Lung Cell Atlas | K49: 整合性人类肺细胞图谱 | L49: 2022 | M49: 10.1038/s41591-023-02327-2 | N49: lung|lung parenchyma|nose|respiratory airway | O49: COVID-19|chronic obstructive pulmonary disease|chronic rhinitis|cystic fibrosis|hypersensitivity pneumonitis|interstitial lung disease|lung adenocarcinoma|lung large cell carcinoma|lymphangioleiomyomatosis|non-specific interstitial pneumonia|normal|pleomorphic carcinoma|pneumonia|pulmonary fibrosis|pulmonary sarcoidosis|squamous cell lung carcinoma | P49: 10x 3' v1|10x 3' v2|10x 3' v3|10x 5' transcription profiling|10x 5' v1|10x 5' v2|Drop-seq|Seq-Well | Q49: cell|nucleus | R49: 2282447 | S49: pulmonary neuroendocrine cell | T49: CHGA;CHGB;ASCL1;SYP;NCAM1 | U49: 神经-免疫通讯;炎症;纤维化 | V49: https://datasets.cellxgene.cziscience.com/5f863718-02a6-46cb-83e7-52be988b915b.h5ad | W49: https://cellxgene.cziscience.com/collections/6f6d381a-7701-4781-935c-db10d30de293 | X49: 2
A50: 人 Human | B50: 呼吸系统 | C50: lung | D50: Homo sapiens | E50: L4 | F50: L4:Pulmonary neuroendocrine cell | H50: f86d6317-7215-409e-bfda-3f4ded3dadaa | I50: CELLxGENE:eb499fd8-7000-419f-8854-926b9b61b11f | J50: Human CellCards Multi-Study CellRef 1.0 Atlas | K50: Human CellCards 多研究 CellRef 1.0 图谱 | L50: 2024 | M50: 10.1038/s41467-023-40173-5 | N50: lung | O50: normal | P50: 10x 3' v2|10x 3' v3|10x 5' v1 | Q50: cell | R50: 347970 | S50: pulmonary neuroendocrine cell | T50: CHGA;CHGB;ASCL1;SYP;NCAM1 | U50: general peripheral neurobiology | V50: https://datasets.cellxgene.cziscience.com/d6184057-2178-4946-b9b1-dc56543a77aa.h5ad | W50: https://cellxgene.cziscience.com/collections/f86d6317-7215-409e-bfda-3f4ded3dadaa | X50: 1
A51: 人 Human | B51: 呼吸系统 | C51: lung | D51: Homo sapiens | E51: L4 | F51: L4:Pulmonary neuroendocrine cell | H51: 07e12576-b41b-4350-adfc-059bfc4328ea | I51: CELLxGENE:f14bc322-1322-4184-8d16-409557525ea5 | J51: Single-cell RNA-seq analysis of Interstitial Lung Disease (ILD) subtypes | K51: 间质性肺病(ILD)亚型的单细胞RNA-seq分析 | L51: 2025 | M51: 10.1038/s41588-024-01702-0 | N51: lung | O51: anthracosis|hypersensitivity pneumonitis|interstitial lung disease|lymphoid interstitial pneumonia|non-specific interstitial pneumonia|normal|pulmonary sarcoidosis | P51: 10x 5' v1|10x 5' v2 | Q51: cell | R51: 471905 | S51: pulmonary neuroendocrine cell | T51: CHGA;CHGB;ASCL1;SYP;NCAM1 | U51: general peripheral neurobiology | V51: https://datasets.cellxgene.cziscience.com/c3d9262e-0dc5-4eca-bf20-56e6d96d0306.h5ad | W51: https://cellxgene.cziscience.com/collections/07e12576-b41b-4350-adfc-059bfc4328ea | X51: 1
A52: 人 Human | B52: 呼吸系统 | C52: lung | D52: Homo sapiens | E52: 待定(泛神经) | F52: — | G52: 含泛neuron(器官图谱→疑中枢/噪声,待裁定) | H52: e4c9ed14-e560-4900-a3bf-b0f8d2ce6a10 | I52: CELLxGENE:d8da613f-e681-4c69-b463-e94f5e66847f | J52: A molecular single-cell lung atlas of lethal COVID-19 | K52: 致死性COVID-19的分子单细胞肺图谱 | L52: 2023 | M52: 10.1038/s41586-021-03569-1 | N52: lung | O52: COVID-19|normal | P52: 10x 3' v3 | Q52: nucleus | R52: 116313 | S52: neuron | T52: RBFOX3;TUBB3;SNAP25;PRPH;PHOX2B | U52: 神经-免疫通讯;炎症 | V52: https://datasets.cellxgene.cziscience.com/1792df55-7cfe-4564-afcf-4bb3ffb73bc0.h5ad | W52: https://cellxgene.cziscience.com/collections/e4c9ed14-e560-4900-a3bf-b0f8d2ce6a10 | X52: 1
A53: 人 Human | B53: 呼吸系统 | C53: lung epithelium | D53: Homo sapiens | E53: L4 | F53: L4:Pulmonary neuroendocrine cell | H53: 2d42fb2f-e635-466e-a2f4-9ea34f2e0feb | I53: CELLxGENE:43a1506b-aa9e-46a3-b288-d210f4595ddf | J53: Organoid modeling of human fetal lung alveolar development reveals mechanisms of cell fate patterning and neonatal respiratory disease | K53: 人胎肺肺泡发育的类器官模型揭示细胞命运模式化及新生儿呼吸疾病的机制 | L53: 2025 | M53: 10.1016/j.stem.2022.11.013 | N53: lung epithelium | O53: normal | P53: 10x 5' v1 | Q53: cell | R53: 20475 | S53: neuroendocrine cell of epithelium of lobar bronchus|pulmonary neuroendocrine cell | T53: CHGA;CHGB;ASCL1;SYP;NCAM1 | U53: general peripheral neurobiology | V53: https://datasets.cellxgene.cziscience.com/8dfa9273-352e-4b67-aea0-67a108f39a0f.h5ad | W53: https://cellxgene.cziscience.com/collections/2d42fb2f-e635-466e-a2f4-9ea34f2e0feb | X53: 1
A54: 人 Human | B54: 呼吸系统 | C54: middle lobe of right lung | D54: Homo sapiens | E54: L4 | F54: L4:Pulmonary neuroendocrine cell | H54: 3a5dbf8a-9b3e-4309-b4c5-d8a024f83734 | I54: CELLxGENE:d68a8b48-abf0-4bd5-8834-155d34ec448a | J54: Bronchopulmonary Dysplasia | K54: 支气管肺发育不良 | L54: 2025 | M54: not reported in repository metadata | N54: middle lobe of right lung | O54: bronchopulmonary dysplasia|normal | P54: 10x 3' v3 | Q54: nucleus | R54: 271381 | S54: pulmonary neuroendocrine cell | T54: CHGA;CHGB;ASCL1;SYP;NCAM1 | U54: general peripheral neurobiology | V54: https://datasets.cellxgene.cziscience.com/83bbeaaf-f5e0-42ac-be8a-dbc4e0c0d433.h5ad | W54: https://cellxgene.cziscience.com/collections/3a5dbf8a-9b3e-4309-b4c5-d8a024f83734 | X54: 1
A55: 人 Human | B55: 呼吸系统 | C55: nasopharynx | D55: Homo sapiens | E55: L4 | F55: L4:Enteroendocrine cell | H55: 35d0b748-3eed-43a5-a1c4-1dade5ec5ca0 | I55: CELLxGENE:13b61a7d-5605-4948-ba48-02c588960143 | J55: Impaired local intrinsic immunity to SARS-CoV-2 infection in severe COVID-19 | K55: 重症COVID-19中SARS-CoV-2感染时局部固有免疫受损 | L55: 2022 | M55: 10.1016/j.cell.2021.07.023 | N55: nasopharynx | O55: COVID-19|long COVID-19|normal|respiratory failure | P55: Seq-Well S3 | Q55: cell | R55: 32588 | S55: enteroendocrine cell | T55: CHGA;CHGB;NEUROD1;PAX6;GCG | U55: 神经-免疫通讯;炎症 | V55: https://datasets.cellxgene.cziscience.com/6a6db93e-901f-4054-90e0-14af5207978a.h5ad | W55: https://cellxgene.cziscience.com/collections/35d0b748-3eed-43a5-a1c4-1dade5ec5ca0 | X55: 1
A56: 人 Human | B56: 泌尿系统 | C56: dome of urinary bladder | D56: Homo sapiens | E56: L2 | F56: L2:Schwann cell | H56: afd343f4-bb60-4632-9902-73a4a1ff1557 | I56: CELLxGENE:fb5eeccf-3c2a-473c-b6e3-7a1dda18d42d | J56: A poly(A) isoform–aware single-cell and spatial atlas defines fibroblast niches in the human bladder | K56: 一种多聚腺苷酸异构体感知的单细胞与空间图谱定义了人类膀胱中的成纤维细胞微环境 | L56: 2026 | M56: 10.64898/2025.12.18.695268 | N56: dome of urinary bladder|neck of urinary bladder|ureteral orifice|ureterovesical junction | O56: normal | P56: 10x 3' v3 | Q56: nucleus | R56: 74694 | S56: Schwann cell | T56: SOX10;MPZ;PLP1;MBP;PMP22 | U56: 外周神经再生 | V56: https://datasets.cellxgene.cziscience.com/1352a8d5-e392-4e1d-8acd-c47f3c93f22e.h5ad | W56: https://cellxgene.cziscience.com/collections/afd343f4-bb60-4632-9902-73a4a1ff1557 | X56: 1
A57: 人 Human | B57: 泌尿系统 | C57: kidney | D57: Homo sapiens | E57: 待定(泛神经) | F57: — | G57: 含泛neuron(器官图谱→疑中枢/噪声,待裁定) | H57: 120e86b4-1195-48c5-845b-b98054105eec | I57: CELLxGENE:d7dcfd8f-2ee7-4385-b9ac-e074c23ed190 | J57: Spatiotemporal immune zonation of the human kidney | K57: 人肾脏的时空免疫分区 | L57: 2022 | M57: 10.1126/science.aat5031 | N57: kidney | O57: normal | P57: 10x 3' v2 | Q57: cell | R57: 27197 | S57: neuron | T57: RBFOX3;TUBB3;SNAP25;PRPH;PHOX2B | U57: 神经-免疫通讯 | V57: https://datasets.cellxgene.cziscience.com/4ae88372-a0dc-4f9e-b93a-18ade11be813.h5ad | W57: https://cellxgene.cziscience.com/collections/120e86b4-1195-48c5-845b-b98054105eec | X57: 2
A58: 人 Human | B58: 泌尿系统 | C58: urinary bladder | D58: Homo sapiens | E58: L2 | F58: L2:Schwann cell | H58: 0e54d4de-44f0-4d50-8649-b5c2bbe8f5d1 | I58: CELLxGENE:2dd9d7a2-4bee-4c3f-a1f5-89bc3271c4f0 | J58: Exploring the Utility of snRNA-seq in Profiling Human Bladder Tissue: A Comprehensive Comparison with scRNA-seq | K58: 探索snRNA-seq在人类膀胱组织分析中的效用：与scRNA-seq的全面比较 | L58: 2024 | M58: 10.1016/j.isci.2024.111628 | N58: urinary bladder | O58: normal | P58: 10x 3' v3 | Q58: cell|nucleus | R58: 12964 | S58: Schwann cell | T58: SOX10;MPZ;PLP1;MBP;PMP22 | U58: 外周神经再生 | V58: https://datasets.cellxgene.cziscience.com/ac25d153-eb19-4e0e-ba4f-dd5be7295994.h5ad | W58: https://cellxgene.cziscience.com/collections/0e54d4de-44f0-4d50-8649-b5c2bbe8f5d1 | X58: 1
A59: 人 Human | B59: 生殖/乳腺 | C59: peripheral zone of prostate | D59: Homo sapiens | E59: L4 | F59: L4:Neuroendocrine cell | H59: fbc5881f-1ee3-4ffe-8095-35e15e1a08fc | I59: CELLxGENE:8b2e5453-faf7-46ea-9073-aea69b283cb7 | J59: Urethral luminal epithelia are castration-insensitive cells of the proximal prostate | K59: 尿道腔上皮是前列腺近端的不受去势影响的细胞 | L59: 2021 | M59: 10.1002/pros.24020 | N59: peripheral zone of prostate|transition zone of prostate | O59: benign prostatic hyperplasia|normal | P59: 10x 3' v2 | Q59: cell | R59: 28847 | S59: neuroendocrine cell | T59: CHGA;CHGB;ASCL1;SYP;NCAM1 | U59: general peripheral neurobiology | V59: https://datasets.cellxgene.cziscience.com/b11b78b1-af0f-45d2-986c-bfaaa96d1291.h5ad | W59: https://cellxgene.cziscience.com/collections/fbc5881f-1ee3-4ffe-8095-35e15e1a08fc | X59: 2
A60: 人 Human | B60: 生殖/乳腺 | C60: peripheral zone of prostate | D60: Homo sapiens | E60: L4 | F60: L4:Neuroendocrine cell | H60: e2a4a67f-6a18-431a-ab9c-6e77dd31cc80 | I60: CELLxGENE:c3fe3c1e-5bf8-4678-b74a-79899243ad41 | J60: A Cellular Anatomy of the Normal Adult Human Prostate and Prostatic Urethra | K60: 正常成人前列腺和前列腺尿道的细胞解剖学 | L60: 2021 | M60: 10.1016/j.celrep.2018.11.086 | N60: peripheral zone of prostate|transition zone of prostate | O60: normal | P60: 10x 3' v2 | Q60: cell | R60: 28702 | S60: neuroendocrine cell | T60: CHGA;CHGB;ASCL1;SYP;NCAM1 | U60: general peripheral neurobiology | V60: https://datasets.cellxgene.cziscience.com/13907b46-3c3c-4092-bb6d-7b3cdb0cf7a6.h5ad | W60: https://cellxgene.cziscience.com/collections/e2a4a67f-6a18-431a-ab9c-6e77dd31cc80 | X60: 2
A61: 人 Human | B61: 生殖/乳腺 | C61: prostate gland | D61: Homo sapiens | E61: L2 | F61: L2:Myelinating Schwann cell | G61: 含泛glial(疑中枢胶质,慎收) | H61: bdac7a53-fe34-4f04-8c46-f9bd5297c099 | I61: CELLxGENE:881e0e6b-a185-45f1-9b56-81606e91e7ff | J61: Profiling of epithelial functional states and fibroblast phenotypes in hormone therapy-naïve localised prostate cancer | K61: 激素治疗初治局限性前列腺癌中上皮功能状态与成纤维细胞表型的分析 | L61: 2025 | M61: 10.1101/2024.10.23.619925 | N61: prostate gland | O61: prostatic acinar adenocarcinoma | P61: 10x 3' v3 | Q61: cell | R61: 68322 | S61: glial cell|myelinating Schwann cell|prostate neuroendocrine cell | T61: SOX10;MPZ;PLP1;MBP;PMP22 | U61: 神经-免疫通讯;外周神经再生 | V61: https://datasets.cellxgene.cziscience.com/68b23fda-7191-46a5-8870-819feca3e66e.h5ad | W61: https://cellxgene.cziscience.com/collections/bdac7a53-fe34-4f04-8c46-f9bd5297c099 | X61: 2
A62: 人 Human | B62: 内分泌/胰岛 | C62: islet of Langerhans | D62: Homo sapiens | E62: L2 | F62: L2:Schwann cell | H62: 58e85c2f-d52e-4c19-8393-b854b84d516e | I62: CELLxGENE:e51bae9a-c747-4b64-904a-4da7cda218ab | J62: A pancreatic islet scRNA-seq atlas from 48 non-diabetic, prediabetic and type 2 diabetic individuals of matched demographic and ethnic backgrounds | K62: 来自48名非糖尿病、前驱糖尿病和2型糖尿病个体（具有匹配的人口统计学和种族背景）的胰岛scRNA-seq图谱 | L62: 2025 | M62: 10.1101/2025.01.17.633590 | N62: islet of Langerhans | O62: normal|prediabetes syndrome|type 2 diabetes mellitus | P62: 10x 3' v2|10x 3' v3 | Q62: cell | R62: 245878 | S62: Schwann cell | T62: SOX10;MPZ;PLP1;MBP;PMP22 | U62: 外周神经再生 | V62: https://datasets.cellxgene.cziscience.com/3a4e48e2-9e80-4ea8-ac63-87fdf70f1a97.h5ad | W62: https://cellxgene.cziscience.com/collections/58e85c2f-d52e-4c19-8393-b854b84d516e | X62: 1
A63: 人 Human | B63: 内分泌/胰岛 | C63: islet of Langerhans | D63: Homo sapiens | E63: L4 | F63: L4:Type D enteroendocrine cell | H63: a238e9fa-2bdf-41df-8522-69046f99baff | I63: CELLxGENE:66d15835-5dc8-4e96-b0eb-f48971cb65e8 | J63: Single-Cell Analysis of Human Pancreas Reveals Transcriptional Signatures of Aging and Somatic Mutation Patterns | K63: 人类胰腺单细胞分析揭示衰老的转录特征与体细胞突变模式 | L63: 2021 | M63: 10.1016/j.cell.2017.09.004 | N63: islet of Langerhans | O63: normal | P63: Smart-seq2 | Q63: cell | R63: 2544 | S63: type A enteroendocrine cell|type D enteroendocrine cell | T63: CHGA;CHGB;NEUROD1;PAX6;GCG | U63: general peripheral neurobiology | V63: https://datasets.cellxgene.cziscience.com/08d4b9cf-3425-4413-a30f-8f97fe87b1e1.h5ad | W63: https://cellxgene.cziscience.com/collections/a238e9fa-2bdf-41df-8522-69046f99baff | X63: 1
A64: 人 Human | B64: 肌肉骨骼 | C64: intercostal muscle | D64: Homo sapiens | E64: L2;L3 | F64: L2:Myelinating Schwann cell/Non-myelinating Schwann cell | L3:Perineurial cell | H64: 2d40e6a7-f2fd-49ba-9db9-6b97e4c6dad5 | I64: CELLxGENE:b3c9904b-2ffd-4038-8620-ee1c5b072e9c | J64: Human skeletal muscle ageing atlas | K64: 人类骨骼肌衰老图谱 | L64: 2024 | M64: 10.1038/s43587-024-00613-3 | N64: intercostal muscle | O64: normal | P64: 10x 3' v2|10x 3' v3 | Q64: cell|nucleus | R64: 183161 | S64: myelinating Schwann cell|non-myelinating Schwann cell|perineurial cell | T64: SOX10;MPZ;PLP1;MBP;PMP22 | U64: 外周神经再生 | V64: https://datasets.cellxgene.cziscience.com/5fd93c55-8047-48fb-905c-6ef2f7767483.h5ad | W64: https://cellxgene.cziscience.com/collections/2d40e6a7-f2fd-49ba-9db9-6b97e4c6dad5 | X64: 3
A65: 人 Human | B65: 口腔牙齿 | C65: dental pulp | D65: Homo sapiens | E65: L2 | F65: L2:Schwann cell | G65: 含泛glial(疑中枢胶质,慎收) | H65: bd3f7d45-43a0-4944-8327-62d6c89e2ae1 | I65: CELLxGENE:bdd109f1-ca27-45dc-bb9f-473008449428 | J65: Single-Cell Transcriptomic Profiling of Human Dental Pulp in Sound and Carious Teeth: A Pilot Study | K65: 单细胞转录组学分析健康与龋齿人牙髓：一项初步研究 | L65: 2024 | M65: 10.3389/fdmed.2021.806294 | N65: dental pulp | O65: enamel caries|normal|pulpitis | P65: 10x 3' v2 | Q65: cell | R65: 6560 | S65: Schwann cell|glial cell | T65: SOX10;MPZ;PLP1;MBP;PMP22 | U65: 外周神经再生 | V65: https://datasets.cellxgene.cziscience.com/c184cf5a-2c44-4908-96d9-165dd5e07f07.h5ad | W65: https://cellxgene.cziscience.com/collections/bd3f7d45-43a0-4944-8327-62d6c89e2ae1 | X65: 1
A66: 人 Human | B66: 肝胆 | C66: liver | D66: Homo sapiens | E66: 待定(泛神经) | F66: — | G66: 含泛neuron(器官图谱→疑中枢/噪声,待裁定) | H66: a96133de-e951-4e2d-ace6-59db8b3bfb1d | I66: CELLxGENE:71513028-e4a0-4c62-a435-16598791690a | J66: HTAN/HTAPP Broad - Spatio-molecular dissection of the breast cancer metastatic microenvironment | K66: HTAN/HTAPP Broad - 乳腺癌转移微环境的时空分子解析 | L66: 2024 | M66: 10.1038/s41591-024-03215-z | N66: liver | O66: breast cancer | P66: 10x 3' v3 | Q66: nucleus | R66: 12258 | S66: neuron | T66: RBFOX3;TUBB3;SNAP25;PRPH;PHOX2B | U66: 神经-免疫通讯 | V66: https://datasets.cellxgene.cziscience.com/79a15872-c7b9-402b-8e0c-a9dd669c366b.h5ad | W66: https://cellxgene.cziscience.com/collections/a96133de-e951-4e2d-ace6-59db8b3bfb1d | X66: 1
A67: 人 Human | B67: 肝胆 | C67: liver | D67: Homo sapiens | E67: 待定(泛神经) | F67: — | G67: 含泛neuron(器官图谱→疑中枢/噪声,待裁定) | H67: a261413d-835b-4f1e-ab0c-dada55ea6afd | I67: CELLxGENE:ec6ceff8-c8bc-488d-b6bf-30df2fa92169 | J67: Identification of distinct tumor cell populations and key genetic mechanisms through single cell sequencing in hepatoblastoma | K67: 通过单细胞测序鉴定肝母细胞瘤中不同的肿瘤细胞群体及关键遗传机制 | L67: 2022 | M67: 10.1038/s42003-021-02562-8 | N67: liver | O67: blastoma|normal | P67: 10x 3' v3 | Q67: nucleus | R67: 67110 | S67: neuron | T67: RBFOX3;TUBB3;SNAP25;PRPH;PHOX2B | U67: 神经-免疫通讯 | V67: https://datasets.cellxgene.cziscience.com/d66d154b-5ff6-4b1a-b25e-376cf4784bb7.h5ad | W67: https://cellxgene.cziscience.com/collections/a261413d-835b-4f1e-ab0c-dada55ea6afd | X67: 1
A68: 人 Human | B68: 淋巴/免疫/血液 | C68: abdomen | D68: Homo sapiens | E68: L2 | F68: L2:Schwann cell | H68: cee845e3-ec04-4781-9e2a-28734bb4f7ba | I68: CELLxGENE:afae4675-434d-4e89-b5ce-2854c9dc38a3 | J68: HTAN CHOP - Longitudinal single-cell multiomic atlas of high-risk neuroblastoma reveals chemotherapy-induced tumor microenvironment rewiring | K68: HTAN CHOP - 高风险神经母细胞瘤的纵向单细胞多组学图谱揭示化疗诱导的肿瘤微环境重塑 | L68: 2025 | M68: 10.1038/s41588-025-02158-6 | N68: abdomen|adrenal gland|cervical lymph node|chest|liver|lymph node|neck | O68: neuroblastoma | P68: 10x 3' v3 | Q68: nucleus | R68: 372619 | S68: Schwann cell | T68: SOX10;MPZ;PLP1;MBP;PMP22 | U68: 神经-免疫通讯;外周神经再生 | V68: https://datasets.cellxgene.cziscience.com/c477b5ea-3848-49f2-96a3-bbbcc95a3e14.h5ad | W68: https://cellxgene.cziscience.com/collections/cee845e3-ec04-4781-9e2a-28734bb4f7ba | X68: 2
A69: 人 Human | B69: 淋巴/免疫/血液 | C69: bone marrow | D69: Homo sapiens | E69: L2 | F69: L2:Schwann cell | H69: 793fdaec-5067-428a-a9db-ecefe135c945 | I69: CELLxGENE:1a2e3350-28a8-4f49-b33c-5b67ceb001f6 | J69: Blood and immune development in human fetal bone marrow and Down syndrome | K69: 人类胎儿骨髓及唐氏综合征中的血液与免疫发育 | L69: 2022 | M69: 10.1038/s41586-021-03929-x | N69: bone marrow | O69: normal | P69: 10x 3' v2|10x 5' v1 | Q69: cell | R69: 103228 | S69: Schwann cell | T69: SOX10;MPZ;PLP1;MBP;PMP22 | U69: 神经-免疫通讯;外周神经再生 | V69: https://datasets.cellxgene.cziscience.com/47362a52-4a8c-48ae-8968-00d4e57d1dfc.h5ad | W69: https://cellxgene.cziscience.com/collections/793fdaec-5067-428a-a9db-ecefe135c945 | X69: 1
A70: 人 Human | B70: 多器官图谱/全身 | C70: alveolar sac | D70: Homo sapiens | E70: L2;L4 | F70: L2:Schwann cell | L4:Enteroendocrine cell/Neuroendocrine cell | G70: 含泛neuron(肠,待裁定) | H70: 6282a908-f162-44a2-99a3-8a942e4271b2 | I70: CELLxGENE:6725ee8e-ef5b-4e68-8901-61bd14a1fe73 | J70: Integrated human endoderm-derived organoids cell atlas (HEOCA) | K70: 整合人内胚层来源类器官细胞图谱（HEOCA） | L70: 2024 | M70: 10.1038/s41588-025-02182-6 | N70: alveolar sac|biliary system|bronchus|colon|common bile duct|corpus|duodenum|gallbladder|ileum|intestine|intrahepatic bile duct|liver|lung|lung epithelium|nasopharynx|pancreas|prostate gland|pyloric antrum|salivary gland epithelium|stomach|thyroid gland | O70: normal | P70: 10x 3' v2|10x 3' v3|10x 5' v1|10x multiome|CEL-seq2|SORT-seq|Seq-Well S3|Smart-seq | Q70: cell|nucleus | R70: 806646 | S70: Schwann cell|enteroendocrine cell|neuroendocrine cell|neuron | T70: SOX10;MPZ;PLP1;MBP;PMP22 | U70: 外周神经再生 | V70: https://datasets.cellxgene.cziscience.com/40f7635e-7fcd-4ede-82e9-0d32753a6b82.h5ad | W70: https://cellxgene.cziscience.com/collections/6282a908-f162-44a2-99a3-8a942e4271b2 | X70: 3
A71: 人 Human | B71: 多器官图谱/全身 | C71: anterior wall of left ventricle | D71: Homo sapiens | E71: L2;L4 | F71: L2:Schwann cell | L4:Neuroendocrine cell | G71: 含泛neuron(肠,待裁定) | H71: a3ffde6c-7ad2-498a-903c-d58e732f7470 | I71: CELLxGENE:4ed927e9-c099-49af-b8ce-a2652d069333 | J71: Single-nucleus cross-tissue molecular reference maps to decipher disease gene function | K71: 单细胞核跨组织分子参考图谱解析疾病基因功能 | L71: 2022 | M71: 10.1126/science.abl4290 | N71: anterior wall of left ventricle|breast|esophagus muscularis mucosa|gastrocnemius|lingula of left lung|mucosa|prostate gland|skin of leg | O71: normal | P71: 10x 3' v2 | Q71: nucleus | R71: 209126 | S71: Schwann cell|neuroendocrine cell|neuron | T71: SOX10;MPZ;PLP1;MBP;PMP22 | U71: 外周神经再生 | V71: https://datasets.cellxgene.cziscience.com/9130af6d-b035-4c2c-868a-ef9a572270be.h5ad | W71: https://cellxgene.cziscience.com/collections/a3ffde6c-7ad2-498a-903c-d58e732f7470 | X71: 1
A72: 人 Human | B72: 多器官图谱/全身 | C72: bone marrow | D72: Homo sapiens | E72: L4 | F72: L4:Enteroendocrine cell | G72: 含泛neuron(肠,待裁定) ; 含泛glial(疑肠胶质,可能L2) | H72: b1a879f6-5638-48d3-8f64-f6592c1b1561 | I72: CELLxGENE:fd072bc3-2dfb-46f8-b4e3-467cb3223182 | J72: Mapping the developing human immune system across organs | K72: 跨器官绘制发育中的人类免疫系统图谱 | L72: 2022 | M72: 10.1126/science.abo0510 | N72: bone marrow|gut wall|kidney|liver|mesenteric lymph node|skin of body|spleen|thymus|yolk sac | O72: normal | P72: 10x 3' v2|10x 5' v1 | Q72: cell | R72: 908046 | S72: enteroendocrine cell|glial cell|neuron | T72: SOX10;PLP1;S100B;GFRA3;FABP7 | U72: 神经-免疫通讯 | V72: https://datasets.cellxgene.cziscience.com/df38503b-8dba-4800-957d-6613747924bb.h5ad | W72: https://cellxgene.cziscience.com/collections/b1a879f6-5638-48d3-8f64-f6592c1b1561 | X72: 2

Sheet 鼠 Mouse
A1: 物种(中文) | B1: 组织系统大类 | C1: 主组织 | D1: Species | E1: 细胞分层 | F1: 分层依据(具体细胞) | G1: 泛化提示 | H1: collection_id | I1: 代表Dataset_ID | J1: Publication_Title | K1: 中文标题 | L1: Year | M1: PMID/DOI | N1: Tissue | O1: Disease | P1: Technology | Q1: 悬浮susp | R1: Cell_Number | S1: 外周相关细胞(规范) | T1: Marker_Genes | U1: Application_Tags | V1: h5ad下载 | W1: collection链接 | X1: 折叠ds数
A2: 鼠 Mouse | B2: 周围神经节/神经干 | C2: dorsal root ganglion | D2: Mus musculus | E2: L1 | F2: L1:Sensory neuron (DRG) | G2: 含泛glial(疑中枢胶质,慎收) | H2: 03608e22-227a-4492-910b-3cb3f16f952e | I2: CELLxGENE:b6f472f1-a58d-43a7-a898-2d6822a0b2b2 | J2: iPain atlas | K2: iPain图谱 | L2: 2024 | M2: 10.1038/s41467-024-52052-8 | N2: dorsal root ganglion | O2: normal|peripheral neuropathy | P2: 10x 3' v2|10x 3' v3|10x multiome|Smart-seq2|Smart-seq3|inDrop | Q2: nucleus|cell | R2: 191798 | S2: glial cell|sensory neuron of dorsal root ganglion | T2: SOX10;PLP1;S100B;GFRA3;FABP7 | U2: 针灸作用相关 | V2: https://datasets.cellxgene.cziscience.com/9e592a91-b992-4f54-9bbe-2f53dd3308da.h5ad | W2: https://cellxgene.cziscience.com/collections/03608e22-227a-4492-910b-3cb3f16f952e | X2: 6
A3: 鼠 Mouse | B3: 周围神经节/神经干 | C3: lumbar dorsal root ganglia L3-L5 | D3: Mus musculus | E3: L1 | F3: GEO补充(未规范化) | H3: NA | I3: GSE198485 | J3: Single cell RNAseq Adult Mouse Lumbar Dorsal Root Ganglia (DRG) | K3: 单细胞RNA测序成年小鼠腰椎背根神经节(DRG) | L3: 2023 | M3: PMID:37120427; PMID:37664243 | N3: lumbar dorsal root ganglia L3-L5 | O3: naive adult male mouse | P3: scRNA-seq | Q3: NA | R3: not reported in GEO summary; processed TAR 114.2 Mb | S3: sensory neuron; non-neuronal DRG cells | T3: RBFOX3;TUBB3;PRPH;SCN10A;TRPV1;SOX10;PLP1 | U3: 针灸作用相关 | V3: NA | W3: https://www.ncbi.nlm.nih.gov/geo/query/acc.cgi?acc=GSE198485 | X3: 1
A4: 鼠 Mouse | B4: 周围神经节/神经干 | C4: sciatic nerve | D4: Mus musculus | E4: L2 | F4: GEO补充(未规范化) | H4: NA | I4: GSE182098 | J4: Disentangling glial diversity in peripheral nerves at single-nuclei resolution | K4: 单核分辨率下解析外周神经胶质细胞多样性 | L4: 2022 | M4: PMID:35115729 | N4: sciatic nerve; peroneal nerve; sural nerve; vagus nerve | O4: normal; ALS model comparison in associated study | P4: snRNA-seq; scRNA-seq | Q4: NA | R4: not reported in GEO summary; 12 sc/sn libraries | S4: Schwann cell; myelinating Schwann cell; non-myelinating Schwann cell; stromal/immune nerve cells | T4: SOX10;MPZ;PLP1;MBP;PMP22;CLDN14;ADAMTSL1;PMP2 | U4: 针灸作用相关;神经-免疫通讯;外周神经再生 | V4: NA | W4: https://milbrandtlab.wustl.edu/glia-portal/ | X4: 1
A5: 鼠 Mouse | B5: 肠神经/消化道 | C5: small intestine | D5: Mus musculus | E5: L1;L2 | F5: GEO补充(未规范化) | H5: NA | I5: GSE149524 | J5: Single Cell RNA-sequencing analysis of the juvenile and embryonic mouse enteric nervous system (ENS) of the small intestine | K5: 幼年和胚胎小鼠小肠肠神经系统（ENS）的单细胞RNA测序分析 | L5: 2020 | M5: PMID:33288908 | N5: small intestine; enteric nervous system | O5: juvenile and embryonic development | P5: scRNA-seq | Q5: NA | R5: not reported in GEO summary; 4 samples | S5: enteric neuron; enteric glia; enteric progenitor | T5: RBFOX3;TUBB3;PHOX2B;RET;SOX10;PLP1 | U5: general peripheral neurobiology | V5: NA | W5: https://www.ncbi.nlm.nih.gov/geo/query/acc.cgi?acc=GSE149524 | X5: 1
A6: 鼠 Mouse | B6: 肠神经/消化道 | C6: small intestine | D6: Mus musculus | E6: L1;L2 | F6: GEO补充(未规范化) | H6: NA | I6: GSE156905 | J6: scRNA-sequencing reveals new enteric nervous system roles for GDNF, NRTN, and TBX3 | K6: scRNA-测序揭示GDNF、NRTN和TBX3在肠神经系统中的新作用 | L6: 2020 | M6: not reported in repository metadata | N6: small intestine; enteric nervous system | O6: juvenile/adolescent ENS development | P6: scRNA-seq | Q6: NA | R6: not reported in repository metadata | S6: enteric neuron; enteric glia | T6: RBFOX3;TUBB3;PHOX2B;RET;SOX10;PLP1 | U6: general peripheral neurobiology | V6: NA | W6: https://www.omicsdi.org/dataset/geo/GSE156905 | X6: 1
A7: 鼠 Mouse | B7: 肠神经/消化道 | C7: small intestine | D7: Mus musculus | E7: L2 | F7: GEO补充(未规范化) | H7: NA | I7: GSE184981 | J7: Single-cell transcriptomic and epigenetic profiling of mouse myenteric plexus glial cells | K7: 小鼠肌间神经丛胶质细胞的单细胞转录组与表观遗传学分析 | L7: 2023 | M7: not reported in repository metadata | N7: small intestine; myenteric plexus | O7: normal; glial neurogenesis / neurosphere culture | P7: scRNA-seq; snATAC-seq | Q7: NA | R7: not reported in repository metadata | S7: enteric glia; neurogenic glia | T7: SOX10;PLP1;S100B;GFAP;FABP7;ELAVL4 | U7: general peripheral neurobiology | V7: NA | W7: https://www.omicsdi.org/dataset/geo/GSE156905 | X7: 1
A8: 鼠 Mouse | B8: 肠神经/消化道 | C8: small intestine | D8: Mus musculus | E8: L4 | F8: L4:Enteroendocrine cell of small intestine | H8: 3db5617e-9f12-4eb4-8416-94893a0d7c46 | I8: CELLxGENE:a5ab6cde-46d4-4667-9b32-cfce54fa7a4e | J8: Epithelial zonation along the mammalian small intestine defines five discrete metabolic domains | K8: 哺乳动物小肠沿线的上皮分区定义了五个离散的代谢区域 | L8: 2024 | M8: 10.1038/s41556-023-01337-z | N8: small intestine | O8: normal | P8: 10x 3' v3 | Q8: cell | R8: 19847 | S8: enteroendocrine cell of small intestine | T8: CHGA;CHGB;NEUROD1;PAX6;GCG | U8: general peripheral neurobiology | V8: https://datasets.cellxgene.cziscience.com/3dfc4a1f-5683-4f2a-8a19-bedf27daa3e5.h5ad | W8: https://cellxgene.cziscience.com/collections/3db5617e-9f12-4eb4-8416-94893a0d7c46 | X8: 2
A9: 鼠 Mouse | B9: 皮肤 | C9: autopod skin | D9: Mus musculus | E9: L2 | F9: L2:Schwann cell | H9: f5af7a2f-ab4c-4728-829e-48efb9562105 | I9: CELLxGENE:7be2824e-d62a-42ef-9169-084555c6df87 | J9: Single cell RNA sequencing of paw skin from healthy and Col7a1 knockout (RDEB) mice | K9: 健康与Col7a1基因敲除（RDEB）小鼠爪垫皮肤的单细胞RNA测序 | L9: 2024 | M9: 10.3389/fimmu.2023.1211505 | N9: autopod skin | O9: epidermolysis bullosa|normal | P9: 10x 3' v3 | Q9: cell | R9: 9816 | S9: Schwann cell | T9: SOX10;MPZ;PLP1;MBP;PMP22 | U9: 外周神经再生 | V9: https://datasets.cellxgene.cziscience.com/2965d8bb-05c5-40a1-bb03-c0b568cb1919.h5ad | W9: https://cellxgene.cziscience.com/collections/f5af7a2f-ab4c-4728-829e-48efb9562105 | X9: 2
A10: 鼠 Mouse | B10: 心血管 | C10: heart | D10: Mus musculus | E10: L2 | F10: L2:Schwann cell | G10: 含泛neuron(器官图谱→疑中枢/噪声,待裁定) | H10: 613f5480-4957-4f80-b804-0e2b85ac454c | I10: CELLxGENE:731e0ae7-e600-470f-a6dc-8c35c28d6c3d | J10: Mouse perinatal heart maturation scRNA-seq | K10: 小鼠围产期心脏成熟scRNA-seq | L10: 2024 | M10: 10.1101/2024.03.05.583423 | N10: heart | O10: normal | P10: Drop-seq | Q10: cell | R10: 49769 | S10: Schwann cell|neuron | T10: SOX10;MPZ;PLP1;MBP;PMP22 | U10: 外周神经再生 | V10: https://datasets.cellxgene.cziscience.com/287a43aa-a1bd-41bd-925e-0ac43fdb1228.h5ad | W10: https://cellxgene.cziscience.com/collections/613f5480-4957-4f80-b804-0e2b85ac454c | X10: 1
A11: 鼠 Mouse | B11: 泌尿系统 | C11: kidney | D11: Mus musculus | E11: L2 | F11: L2:Schwann cell | H11: 9c9d04c4-8899-417f-bb6f-6107dcadf14f | I11: CELLxGENE:9ac3d74d-1d94-4ff9-abf9-fe5abe4bd2a6 | J11: Cellular and Spatial Drivers of Unresolved Injury and Functional Decline in the Human Kidney | K11: 人类肾脏中未消退损伤与功能衰退的细胞及空间驱动因素 | L11: 2025 | M11: 10.1101/2025.09.26.678707 | N11: kidney | O11: acute kidney injury|normal | P11: 10x 3' v2|10x multiome | Q11: nucleus | R11: 315764 | S11: Schwann cell | T11: SOX10;MPZ;PLP1;MBP;PMP22 | U11: 外周神经再生;伤口修复 | V11: https://datasets.cellxgene.cziscience.com/19aab2ef-654a-4047-8f60-3529c041851d.h5ad | W11: https://cellxgene.cziscience.com/collections/9c9d04c4-8899-417f-bb6f-6107dcadf14f | X11: 1
A12: 鼠 Mouse | B12: 生殖/乳腺 | C12: mammary gland | D12: Mus musculus | E12: L2 | F12: L2:Schwann cell | H12: bae2ee8c-b49c-41d0-9097-960d18a39e20 | I12: CELLxGENE:6c6b4c47-096d-4084-97e7-714ee10c556c | J12: Time-resolved single-cell analysis of Brca1 associated mammary tumourigenesis reveals aberrant differentiation of luminal progenitors | K12: 时间分辨单细胞分析揭示Brca1相关乳腺肿瘤发生中腔祖细胞的异常分化 | L12: 2025 | M12: 10.1038/s41467-021-21783-3 | N12: mammary gland | O12: neoplasm|normal | P12: 10x 3' v2|10x 3' v3 | Q12: cell | R12: 197896 | S12: Schwann cell | T12: SOX10;MPZ;PLP1;MBP;PMP22 | U12: 外周神经再生 | V12: https://datasets.cellxgene.cziscience.com/e05a1540-f925-412d-919c-8e0116c1b4be.h5ad | W12: https://cellxgene.cziscience.com/collections/bae2ee8c-b49c-41d0-9097-960d18a39e20 | X12: 1
A13: 鼠 Mouse | B13: 内分泌/胰岛 | C13: islet of Langerhans | D13: Mus musculus | E13: L2 | F13: L2:Schwann cell | H13: 296237e2-393d-4e31-b590-b03f74ac5070 | I13: CELLxGENE:49e4ffcc-5444-406d-bdee-577127404ba8 | J13: Mouse pancreatic islet scRNA-seq atlas across sexes, ages, and stress conditions including diabetes | K13: 小鼠胰岛scRNA-seq图谱：涵盖性别、年龄及包括糖尿病在内的应激条件 | L13: 2023 | M13: 10.1038/s42255-023-00876-x | N13: islet of Langerhans|pancreas | O13: endocrine pancreas disorder|normal|type 1 diabetes mellitus|type 2 diabetes mellitus | P13: 10x 3' v2|10x 3' v3 | Q13: cell | R13: 301796 | S13: Schwann cell | T13: SOX10;MPZ;PLP1;MBP;PMP22 | U13: 外周神经再生 | V13: https://datasets.cellxgene.cziscience.com/2cf0b367-e31b-4ab3-8557-8f2c4ac2a31a.h5ad | W13: https://cellxgene.cziscience.com/collections/296237e2-393d-4e31-b590-b03f74ac5070 | X13: 1
A14: 鼠 Mouse | B14: 肌肉骨骼 | C14: gastrocnemius | D14: Mus musculus | E14: L2;L3 | F14: L2:Schwann cell | L3:Perineurial cell | H14: ef9f0fae-c12c-4f1a-bb67-63346c2ae0f1 | I14: CELLxGENE:a48343a2-7570-49d0-8849-9db6c21dffcb | J14: Single Nuclei Atlas of Innervated and Denervated Mouse Muscle | K14: 小鼠肌肉神经支配与去神经支配的单细胞核图谱 | L14: 2025 | M14: 10.1038/s41467-025-57487-1 | N14: gastrocnemius|skeletal muscle tissue of tibialis anterior | O14: lesion of sciatic nerve|neuromuscular junction disease|normal|toxin-mediated infectious botulism | P14: 10x 3' v3 | Q14: nucleus | R14: 102688 | S14: Schwann cell|perineurial cell | T14: SOX10;MPZ;PLP1;MBP;PMP22 | U14: 针灸作用相关;外周神经再生 | V14: https://datasets.cellxgene.cziscience.com/f991c1a9-d2ff-488e-bd18-d75e0e1d2d7b.h5ad | W14: https://cellxgene.cziscience.com/collections/ef9f0fae-c12c-4f1a-bb67-63346c2ae0f1 | X14: 3
A15: 鼠 Mouse | B15: 胚胎/发育 | C15: embryo | D15: Mus musculus | E15: L1;L2;L4 | F15: L1:Efferent neuron/Enteric neuron/Parasympathetic neuron/Peripheral nervous system neuron/Sensory neuron (DRG)/Sympathetic neuron | L2:Schwann cell precursor/Myelinating Schwann cell/Satellite glial cell | L4:Intestinal enteroendocrine cell | G15: 含泛neuron(器官图谱→疑中枢/噪声,待裁定) | H15: 45d5d2c3-bc28-4814-aed6-0bb6f0e11c82 | I15: CELLxGENE:dcfd4feb-18a3-4b30-81d7-1b0c544a8ab3 | J15: A single-cell transcriptional timelapse of mouse embryonic development, from gastrula to pup | K15: NA | L15: NA | M15: 10.1038/s41586-024-07069-w | N15: embryo | O15: normal | P15: sci-RNA-seq3 | Q15: nucleus | R15: 11441407 | S15: GABAergic neuron|Schwann cell precursor|cerebral cortex GABAergic interneuron|cranial motor neuron|efferent neuron|enteric neuron|glutamatergic neuron|intestinal enteroendocrine cell|microglial cell|myelinating Schwann cell|neuron|parasympathetic neuron|perineuronal satellite cell|peripheral nervous system neuron|retinal bipolar neuron|sensory neuron of dorsal root ganglion|spinal cord motor neuron|spiral ganglion neuron|sympathetic neuron|thalamic excitatory neuron | T15: NA | U15: NA | V15: https://datasets.cellxgene.cziscience.com/1bc30289-9565-4099-abf9-3326328c11ac.h5ad | W15: https://cellxgene.cziscience.com/collections/45d5d2c3-bc28-4814-aed6-0bb6f0e11c82 | X15: 11
A16: 鼠 Mouse | B16: 多器官图谱/全身 | C16: adipose tissue | D16: Mus musculus | E16: L1;L2;L4 | F16: L1:Cardiac neuron | L2:Schwann cell | L4:Neuroendocrine cell/Pulmonary neuroendocrine cell | H16: 0b9d8a04-bb9d-44da-aa27-705bb65b54eb | I16: CELLxGENE:48b37086-25f7-4ecd-be66-f5bb378e3aea | J16: Tabula Muris Senis | K16: Tabula Muris Senis | L16: 2021 | M16: 10.1038/s41586-020-2496-1 | N16: adipose tissue|bladder lumen|bone marrow|heart|kidney|large intestine|limb muscle|liver|lung|mammary gland|pancreas|skin of body|spleen|thymus|tongue|trachea | O16: normal | P16: 10x 3' v2 | Q16: cell | R16: 245389 | S16: Schwann cell|cardiac neuron|neuroendocrine cell|pulmonary neuroendocrine cell | T16: SOX10;MPZ;PLP1;MBP;PMP22 | U16: 外周神经再生 | V16: https://datasets.cellxgene.cziscience.com/084058cc-4f17-43ce-b14e-1278df074013.h5ad | W16: https://cellxgene.cziscience.com/collections/0b9d8a04-bb9d-44da-aa27-705bb65b54eb | X16: 5
A17: 鼠 Mouse | B17: 多器官图谱/全身 | C17: blood | D17: Mus musculus | E17: L2 | F17: L2:Schwann cell | H17: 24e324a1-b42d-4438-9bb5-cf5233fa90b0 | I17: CELLxGENE:7b6bab5a-f9c4-4a56-9ed4-3b9079b14867 | J17: Single cell transcriptomic analyses of the dynamic local and systemic response to cardiac injury in mice and zebrafish. | K17: 小鼠和斑马鱼心脏损伤后动态局部及全身反应的单细胞转录组分析 | L17: 2024 | M17: 10.1038/s42003-024-07315-x | N17: blood|heart|kidney|liver|pancreas | O17: myocardial infarction|normal | P17: 10x 3' v3 | Q17: cell | R17: 194315 | S17: Schwann cell | T17: SOX10;MPZ;PLP1;MBP;PMP22 | U17: 针灸作用相关;外周神经再生;伤口修复 | V17: https://datasets.cellxgene.cziscience.com/3ae58a8e-a64e-44b5-94c6-af55c88e02d3.h5ad | W17: https://cellxgene.cziscience.com/collections/24e324a1-b42d-4438-9bb5-cf5233fa90b0 | X17: 1

Sheet 人鼠 Mixed
A1: 物种(中文) | B1: 组织系统大类 | C1: 主组织 | D1: Species | E1: 细胞分层 | F1: 分层依据(具体细胞) | G1: 泛化提示 | H1: collection_id | I1: 代表Dataset_ID | J1: Publication_Title | K1: 中文标题 | L1: Year | M1: PMID/DOI | N1: Tissue | O1: Disease | P1: Technology | Q1: 悬浮susp | R1: Cell_Number | S1: 外周相关细胞(规范) | T1: Marker_Genes | U1: Application_Tags | V1: h5ad下载 | W1: collection链接 | X1: 折叠ds数
A2: 人鼠 Human;Mouse | B2: 肠神经/消化道 | C2: colon | D2: Homo sapiens; Mus musculus | E2: L1;L2 | F2: GEO补充(未规范化) | H2: NA | I2: SCP1038 | J2: The human and mouse enteric nervous system at single cell resolution | K2: 单细胞分辨率下的人类和小鼠肠神经系统 | L2: 2020 | M2: DOI:10.1016/j.cell.2020.08.003 | N2: colon; ileum; enteric nervous system/myenteric plexus | O2: normal adult/fetal/reference ENS | P2: snRNA-seq; scRNA-seq | Q2: NA | R2: 586460 total cells in portal; includes neuron/glia subsets | S2: enteric neuron; enteric glia | T2: RBFOX3;TUBB3;SNAP25;PHOX2B;SOX10;PLP1;S100B | U2: general peripheral neurobiology | V2: NA | W2: https://singlecell.broadinstitute.org/single_cell/study/SCP1038/the-human-and-mouse-enteric-nervous-system-at-single-cell-resolution | X2: 1
